Sample label,d13C,d18O,mbsf,mcd,"age DT14/Woelders17, La11",Source,comment
"208-1262C-12H-3,98-99",1.18,0.02,187.985,206.765,64.00230357,Barnet et al. (2019),benthic foraminifera
"208-1262C-12H-3,101-102",1.08,-0.22,188.015,206.795,64.00798214,Barnet et al. (2019),benthic foraminifera
"208-1262C-12H-3,103-104",1.20,0.07,188.035,206.815,64.01176786,Barnet et al. (2019),benthic foraminifera
"208-1262C-12H-3,107-108",1.28,0.05,188.075,206.855,64.01933929,Barnet et al. (2019),benthic foraminifera
"208-1262C-12H-3,111-112",1.28,0.12,188.115,206.895,64.02691071,Barnet et al. (2019),benthic foraminifera
"208-1262C-12H-3,113-114",1.18,-0.07,188.135,206.915,64.03069643,Barnet et al. (2019),benthic foraminifera
"208-1262C-12H-3,116-117",1.13,-0.21,188.165,206.945,64.036375,Barnet et al. (2019),benthic foraminifera
"208-1262C-12H-3,119-120",1.14,-0.11,188.195,206.975,64.04205357,Barnet et al. (2019),benthic foraminifera
"208-1262C-12H-3,125-126",1.22,-0.03,188.255,207.035,64.05341071,Barnet et al. (2019),benthic foraminifera
"208-1262C-12H-3,128-129",1.13,-0.15,188.285,207.065,64.05908929,Barnet et al. (2019),benthic foraminifera
"208-1262C-12H-3,131-132",1.16,-0.01,188.315,207.095,64.06476786,Barnet et al. (2019),benthic foraminifera
"208-1262C-12H-3,135-136",1.22,-0.02,188.355,207.135,64.07233929,Barnet et al. (2019),benthic foraminifera
"208-1262C-12H-3,137-138",1.21,-0.03,188.375,207.155,64.076125,Barnet et al. (2019),benthic foraminifera
"208-1262C-12H-3,141-142",1.12,-0.08,188.415,207.195,64.08369643,Barnet et al. (2019),benthic foraminifera
"208-1262C-12H-3,144-145",1.26,0.11,188.445,207.225,64.089375,Barnet et al. (2019),benthic foraminifera
"208-1262C-12H-3,146-147",1.24,0.08,188.465,207.245,64.09316071,Barnet et al. (2019),benthic foraminifera
"208-1262C-12H-3,149-150",1.19,-0.08,188.495,207.275,64.09928125,Barnet et al. (2019),benthic foraminifera
"208-1262C-12H-4,3-4",1.18,-0.21,188.535,207.315,64.10803125,Barnet et al. (2019),benthic foraminifera
"208-1262C-12H-4,13-14",1.31,0.06,188.635,207.415,64.12990625,Barnet et al. (2019),benthic foraminifera
"208-1262C-12H-4,20-21",1.28,-0.14,188.705,207.485,64.14521875,Barnet et al. (2019),benthic foraminifera
"208-1262C-12H-4,26-27",1.44,0.07,188.765,207.545,64.15834375,Barnet et al. (2019),benthic foraminifera
"208-1262C-12H-4,29-30",1.47,0.08,188.795,207.575,64.16490625,Barnet et al. (2019),benthic foraminifera
"208-1262C-12H-4,32-33",1.35,-0.14,188.825,207.605,64.17146875,Barnet et al. (2019),benthic foraminifera
"208-1262C-12H-4,35-36",1.52,-0.04,188.855,207.635,64.17803125,Barnet et al. (2019),benthic foraminifera
"208-1262C-12H-4,39-40",1.46,0.15,188.895,207.675,64.18678125,Barnet et al. (2019),benthic foraminifera
"208-1262C-12H-4,44-45",1.31,-0.06,188.945,207.725,64.19771875,Barnet et al. (2019),benthic foraminifera
"208-1262C-12H-4,47-48",1.24,-0.12,188.975,207.755,64.20482143,Barnet et al. (2019),benthic foraminifera
"208-1262C-12H-4,63-64",1.41,0.28,189.135,207.915,64.24558333,Barnet et al. (2019),benthic foraminifera
"208-1262C-12H-4,66-67",1.45,0.10,189.165,207.945,64.25322619,Barnet et al. (2019),benthic foraminifera
"208-1262C-12H-4,68-69",1.49,0.28,189.185,207.965,64.25832143,Barnet et al. (2019),benthic foraminifera
"208-1262C-12H-4,77-78",1.50,0.07,189.275,208.055,64.28125,Barnet et al. (2019),benthic foraminifera
"208-1262C-12H-4,80-81",1.34,0.01,189.305,208.085,64.28889286,Barnet et al. (2019),benthic foraminifera
"208-1262C-12H-4,83-84",1.37,-0.14,189.335,208.115,64.29653571,Barnet et al. (2019),benthic foraminifera
"208-1262C-12H-4,87-88",1.39,0.18,189.375,208.155,64.30672619,Barnet et al. (2019),benthic foraminifera
"208-1262C-12H-4,89-90",1.37,-0.07,189.395,208.175,64.31102586,Barnet et al. (2019),benthic foraminifera
"208-1262C-12H-4,92-93",1.32,0.20,189.425,208.205,64.31707759,Barnet et al. (2019),benthic foraminifera
"208-1262C-12H-4,99-100",1.40,0.23,189.495,208.275,64.33119828,Barnet et al. (2019),benthic foraminifera
"208-1262C-12H-4,101-102",1.21,-0.08,189.515,208.295,64.33523276,Barnet et al. (2019),benthic foraminifera
"208-1262C-12H-4,104-105",1.32,0.00,189.545,208.325,64.34128448,Barnet et al. (2019),benthic foraminifera
"208-1262C-12H-4,111-112",1.40,-0.03,189.615,208.395,64.35540517,Barnet et al. (2019),benthic foraminifera
"208-1262C-12H-4,113-114",1.35,-0.03,189.635,208.415,64.35943966,Barnet et al. (2019),benthic foraminifera
"208-1262C-12H-4,116-117",1.41,0.13,189.665,208.445,64.36549138,Barnet et al. (2019),benthic foraminifera
"208-1262C-12H-4,119-120",1.40,0.06,189.695,208.475,64.3715431,Barnet et al. (2019),benthic foraminifera
"208-1262C-12H-4,122-123",1.37,0.19,189.725,208.505,64.37759483,Barnet et al. (2019),benthic foraminifera
"208-1262C-12H-4,125-126",1.34,0.20,189.755,208.535,64.38364655,Barnet et al. (2019),benthic foraminifera
"208-1262C-12H-4,128-129",1.46,0.14,189.785,208.565,64.38969828,Barnet et al. (2019),benthic foraminifera
"208-1262C-12H-4,131-132",1.43,0.15,189.815,208.595,64.39575,Barnet et al. (2019),benthic foraminifera
"208-1262C-12H-4,133-134",1.30,0.16,189.835,208.615,64.39978448,Barnet et al. (2019),benthic foraminifera
"208-1262C-12H-4,137-138",1.27,0.20,189.875,208.655,64.40785345,Barnet et al. (2019),benthic foraminifera
"208-1262C-12H-4,140-141",1.39,0.23,189.905,208.685,64.41390517,Barnet et al. (2019),benthic foraminifera
"208-1262C-12H-4,143-144",1.39,0.27,189.935,208.715,64.4199569,Barnet et al. (2019),benthic foraminifera
"208-1262C-12H-4,147-148",1.23,0.16,189.975,208.755,64.42821875,Barnet et al. (2019),benthic foraminifera
"208-1262C-12H-4,149-150",1.28,0.09,189.995,208.775,64.43251042,Barnet et al. (2019),benthic foraminifera
"208-1262C-12H-5,2-3",1.33,0.12,190.025,208.805,64.43894792,Barnet et al. (2019),benthic foraminifera
"208-1262C-12H-5,5-6",1.33,0.13,190.055,208.835,64.44538542,Barnet et al. (2019),benthic foraminifera
"208-1262C-12H-5,8-9",1.32,0.14,190.085,208.865,64.45182292,Barnet et al. (2019),benthic foraminifera
"208-1262C-12H-5,11-12",1.36,0.10,190.115,208.895,64.45826042,Barnet et al. (2019),benthic foraminifera
"208-1262C-12H-5,14-15",1.32,0.05,190.145,208.925,64.46469792,Barnet et al. (2019),benthic foraminifera
"208-1262C-12H-5,17-18",1.22,0.14,190.175,208.955,64.47113542,Barnet et al. (2019),benthic foraminifera
"208-1262C-12H-5,21-22",1.23,0.12,190.215,208.995,64.47971875,Barnet et al. (2019),benthic foraminifera
"208-1262C-12H-5,23-24",1.10,-0.09,190.235,209.015,64.48401042,Barnet et al. (2019),benthic foraminifera
"208-1262C-12H-5,26-27",1.16,-0.06,190.265,209.045,64.49044792,Barnet et al. (2019),benthic foraminifera
"208-1262C-12H-5,29-30",1.18,0.01,190.295,209.075,64.49688542,Barnet et al. (2019),benthic foraminifera
"208-1262C-12H-5,33-34",1.11,-0.03,190.335,209.115,64.50546875,Barnet et al. (2019),benthic foraminifera
"208-1262C-12H-5,35-36",1.14,-0.06,190.355,209.135,64.50976042,Barnet et al. (2019),benthic foraminifera
"208-1262C-12H-5,38-39",1.19,-0.06,190.385,209.165,64.51619792,Barnet et al. (2019),benthic foraminifera
"208-1262C-12H-5,41-42",1.19,-0.04,190.415,209.195,64.52263542,Barnet et al. (2019),benthic foraminifera
"208-1262C-12H-5,43-44",1.16,0.02,190.435,209.215,64.52692708,Barnet et al. (2019),benthic foraminifera
"208-1262C-12H-5,47-48",1.17,-0.09,190.475,209.255,64.5344569,Barnet et al. (2019),benthic foraminifera
"208-1262C-12H-5,50-51",1.18,-0.05,190.505,209.285,64.53999138,Barnet et al. (2019),benthic foraminifera
"208-1262C-12H-5,53-54",1.17,-0.07,190.535,209.315,64.54552586,Barnet et al. (2019),benthic foraminifera
"208-1262C-12H-5,57-58",1.25,0.04,190.575,209.355,64.55290517,Barnet et al. (2019),benthic foraminifera
"208-1262C-12H-5,59-60",1.29,0.06,190.595,209.375,64.55659483,Barnet et al. (2019),benthic foraminifera
"208-1262C-12H-5,62-63",1.26,0.00,190.625,209.405,64.56212931,Barnet et al. (2019),benthic foraminifera
"208-1262C-12H-5,65-66",1.29,0.05,190.655,209.435,64.56766379,Barnet et al. (2019),benthic foraminifera
"208-1262C-12H-5,68-69",1.19,-0.05,190.685,209.465,64.57319828,Barnet et al. (2019),benthic foraminifera
"208-1262C-12H-5,71-72",1.25,0.02,190.715,209.495,64.57873276,Barnet et al. (2019),benthic foraminifera
"208-1262C-12H-5,74-75",1.25,0.03,190.745,209.525,64.58426724,Barnet et al. (2019),benthic foraminifera
"208-1262C-12H-5,77-78",1.22,-0.05,190.775,209.555,64.58980172,Barnet et al. (2019),benthic foraminifera
"208-1262C-12H-5,79-80",1.22,0.01,190.795,209.575,64.59349138,Barnet et al. (2019),benthic foraminifera
"208-1262C-12H-5,83-84",1.13,-0.03,190.835,209.615,64.60087069,Barnet et al. (2019),benthic foraminifera
"208-1262C-12H-5,86-87",1.15,-0.10,190.865,209.645,64.60640517,Barnet et al. (2019),benthic foraminifera
"208-1262C-12H-5,89-90",1.18,-0.11,190.895,209.675,64.61193966,Barnet et al. (2019),benthic foraminifera
"208-1262C-12H-5,93-94",1.13,-0.11,190.935,209.715,64.61931897,Barnet et al. (2019),benthic foraminifera
"208-1262C-12H-5,95-96",1.18,-0.04,190.955,209.735,64.62300862,Barnet et al. (2019),benthic foraminifera
"208-1262C-12H-5,98-99",1.18,-0.01,190.985,209.765,64.6285431,Barnet et al. (2019),benthic foraminifera
"208-1262C-12H-5,101-102",1.19,-0.08,191.015,209.795,64.63407759,Barnet et al. (2019),benthic foraminifera
"208-1262C-12H-5,103-104",1.15,0.03,191.035,209.815,64.63708333,Barnet et al. (2019),benthic foraminifera
"208-1262C-12H-5,107-108",1.22,-0.02,191.075,209.855,64.64263889,Barnet et al. (2019),benthic foraminifera
"208-1262C-12H-5,110-111",1.28,-0.06,191.105,209.885,64.64680556,Barnet et al. (2019),benthic foraminifera
"208-1262C-12H-5,113-114",1.20,-0.03,191.135,209.915,64.65097222,Barnet et al. (2019),benthic foraminifera
"208-1262C-12H-5,116-117",1.25,0.02,191.165,209.945,64.65513889,Barnet et al. (2019),benthic foraminifera
"208-1262C-12H-5,119-120",1.30,0.01,191.195,209.975,64.65930556,Barnet et al. (2019),benthic foraminifera
"208-1262C-12H-5,122-123",1.27,-0.07,191.225,210.005,64.66347222,Barnet et al. (2019),benthic foraminifera
"208-1262C-12H-5,125-126",1.32,-0.06,191.255,210.035,64.66763889,Barnet et al. (2019),benthic foraminifera
"208-1262C-12H-5,128-129",1.14,-0.11,191.285,210.065,64.67180556,Barnet et al. (2019),benthic foraminifera
"208-1262C-12H-5,131-132",1.31,-0.06,191.315,210.095,64.67597222,Barnet et al. (2019),benthic foraminifera
"208-1262C-12H-5,134-135",1.29,-0.11,191.345,210.125,64.68013889,Barnet et al. (2019),benthic foraminifera
"208-1262C-12H-5,137-138",1.26,-0.06,191.375,210.155,64.68430556,Barnet et al. (2019),benthic foraminifera
"208-1262C-12H-6,1-2",1.32,-0.02,191.515,210.295,64.70375,Barnet et al. (2019),benthic foraminifera
"208-1262C-12H-6,5-6",1.38,0.03,191.555,210.335,64.70930556,Barnet et al. (2019),benthic foraminifera
"208-1262C-12H-6,8-9",1.38,0.04,191.585,210.365,64.71347222,Barnet et al. (2019),benthic foraminifera
"208-1262C-12H-6,11-12",1.32,-0.06,191.615,210.395,64.71763889,Barnet et al. (2019),benthic foraminifera
"208-1262C-12H-6,14-15",1.37,-0.01,191.645,210.425,64.72180556,Barnet et al. (2019),benthic foraminifera
"208-1262C-12H-6,17-18",1.39,0.08,191.675,210.455,64.72597222,Barnet et al. (2019),benthic foraminifera
"208-1262C-12H-6,20-21",1.37,0.01,191.705,210.485,64.73013889,Barnet et al. (2019),benthic foraminifera
"208-1262C-12H-6,24-25",1.49,0.21,191.745,210.525,64.73605435,Barnet et al. (2019),benthic foraminifera
"208-1262C-12H-6,26-27",1.49,0.09,191.765,210.545,64.74027174,Barnet et al. (2019),benthic foraminifera
"208-1262C-12H-6,29-30",1.52,0.14,191.795,210.575,64.74659783,Barnet et al. (2019),benthic foraminifera
"208-1262C-12H-6,32-33",1.47,0.13,191.825,210.605,64.75292391,Barnet et al. (2019),benthic foraminifera
"208-1262C-12H-6,34-35",1.48,0.13,191.845,210.625,64.7571413,Barnet et al. (2019),benthic foraminifera
"208-1262C-12H-6,38-39",1.45,0.09,191.885,210.665,64.76557609,Barnet et al. (2019),benthic foraminifera
"208-1262C-12H-6,41-42",1.47,0.13,191.915,210.695,64.77190217,Barnet et al. (2019),benthic foraminifera
"208-1262C-12H-6,44-45",1.45,0.03,191.945,210.725,64.77822826,Barnet et al. (2019),benthic foraminifera
"208-1262C-12H-6,47-48",1.44,0.09,191.975,210.755,64.78455435,Barnet et al. (2019),benthic foraminifera
"208-1262C-12H-6,50-51",1.49,0.09,192.005,210.785,64.79088043,Barnet et al. (2019),benthic foraminifera
"208-1262C-12H-6,53-54",1.41,-0.11,192.035,210.815,64.79720652,Barnet et al. (2019),benthic foraminifera
"208-1262C-12H-6,56-57",1.49,0.00,192.065,210.845,64.80353261,Barnet et al. (2019),benthic foraminifera
"208-1262C-12H-6,60-61",1.37,-0.03,192.105,210.885,64.81196739,Barnet et al. (2019),benthic foraminifera
"208-1262C-12H-6,65-66",1.43,0.00,192.155,210.935,64.82251087,Barnet et al. (2019),benthic foraminifera
"208-1262C-12H-6,68-69",1.42,-0.04,192.185,210.965,64.82883696,Barnet et al. (2019),benthic foraminifera
"208-1262C-12H-6,71-72",1.37,-0.09,192.215,210.995,64.83594737,Barnet et al. (2019),benthic foraminifera
"208-1262C-12H-6,74-75",1.42,0.01,192.245,211.025,64.84384211,Barnet et al. (2019),benthic foraminifera
"208-1262C-12H-6,77-78",1.38,-0.01,192.275,211.055,64.85173684,Barnet et al. (2019),benthic foraminifera
"208-1262C-12H-6,80-81",1.51,0.04,192.305,211.085,64.85963158,Barnet et al. (2019),benthic foraminifera
"208-1262C-12H-6,84-85",1.38,-0.01,192.345,211.125,64.87015789,Barnet et al. (2019),benthic foraminifera
"208-1262C-12H-6,86-87",1.46,-0.02,192.365,211.145,64.87542105,Barnet et al. (2019),benthic foraminifera
"208-1262C-12H-6,89-90",1.31,-0.13,192.395,211.175,64.88331579,Barnet et al. (2019),benthic foraminifera
"208-1262C-12H-6,92-93",1.37,-0.14,192.425,211.205,64.89121053,Barnet et al. (2019),benthic foraminifera
"208-1262C-12H-6,94-95",1.27,-0.09,192.445,211.225,64.89647368,Barnet et al. (2019),benthic foraminifera
"208-1262C-12H-6,98-99",1.22,-0.21,192.485,211.265,64.907,Barnet et al. (2019),benthic foraminifera
"208-1262C-12H-7,2-3",1.21,-0.10,192.525,211.305,64.91752632,Barnet et al. (2019),benthic foraminifera
"208-1262C-12H-7,4-5",1.20,-0.12,192.545,211.325,64.92278947,Barnet et al. (2019),benthic foraminifera
"208-1262C-12H-7,9-10",1.32,-0.09,192.595,211.375,64.93576829,Barnet et al. (2019),benthic foraminifera
"208-1262C-12H-7,11-12",1.32,-0.07,192.615,211.395,64.94079268,Barnet et al. (2019),benthic foraminifera
"208-1262C-12H-7,14-15",1.30,-0.13,192.645,211.425,64.94832927,Barnet et al. (2019),benthic foraminifera
"208-1262C-12H-7,17-18",1.35,-0.08,192.675,211.455,64.95586585,Barnet et al. (2019),benthic foraminifera
"208-1262C-12H-7,20-21",1.44,0.06,192.705,211.485,64.96340244,Barnet et al. (2019),benthic foraminifera
"208-1262C-12H-7,23-24",1.49,0.10,192.735,211.515,64.97093902,Barnet et al. (2019),benthic foraminifera
"208-1262C-12H-7,26-27",1.51,0.08,192.765,211.545,64.97847561,Barnet et al. (2019),benthic foraminifera
"208-1262C-12H-7,29-30",1.42,0.05,192.795,211.575,64.9860122,Barnet et al. (2019),benthic foraminifera
"208-1262C-12H-7,31-32",1.43,0.08,192.815,211.595,64.99103659,Barnet et al. (2019),benthic foraminifera
"208-1262C-12H-7,35-36",1.47,0.06,192.855,211.635,65.00108537,Barnet et al. (2019),benthic foraminifera
"208-1262C-12H-7,38-39",1.41,0.01,192.885,211.665,65.00862195,Barnet et al. (2019),benthic foraminifera
"208-1262C-12H-7,41-42",1.39,0.00,192.915,211.695,65.01615854,Barnet et al. (2019),benthic foraminifera
"208-1262C-12H-7,43-44",1.41,0.06,192.935,211.715,65.02118293,Barnet et al. (2019),benthic foraminifera
"208-1262C-12H-7,47-48",1.48,0.03,192.975,211.755,65.03123171,Barnet et al. (2019),benthic foraminifera
"208-1262C-12H-7,50-51",1.43,0.02,193.005,211.785,65.03734677,Barnet et al. (2019),benthic foraminifera
"208-1262C-12H-7,53-54",1.47,0.12,193.035,211.815,65.04204032,Barnet et al. (2019),benthic foraminifera
"208-1262C-12H-7,55-56",1.42,0.04,193.055,211.835,65.04516935,Barnet et al. (2019),benthic foraminifera
"208-1262C-12H-7,59-60",1.44,0.02,193.095,211.875,65.05142742,Barnet et al. (2019),benthic foraminifera
"208-1262C-12H-7,62-63",1.50,0.06,193.125,211.905,65.05612097,Barnet et al. (2019),benthic foraminifera
"208-1262C-12H-7,65-66",1.42,0.00,193.155,211.935,65.06081452,Barnet et al. (2019),benthic foraminifera
"208-1262B-22H-1,8-9",1.55,0.02,190.985,211.975,65.06707258,Barnet et al. (2019),benthic foraminifera
"208-1262B-22H-1,11-12",1.52,-0.10,191.015,212.005,65.07176613,Barnet et al. (2019),benthic foraminifera
"208-1262B-22H-1,14-15",1.53,-0.01,191.045,212.035,65.07645968,Barnet et al. (2019),benthic foraminifera
"208-1262B-22H-1,16-17",1.42,-0.12,191.065,212.055,65.07958871,Barnet et al. (2019),benthic foraminifera
"208-1262B-22H-1,19-20",1.50,-0.03,191.095,212.085,65.08428226,Barnet et al. (2019),benthic foraminifera
"208-1262B-22H-1,23-24",1.45,-0.15,191.135,212.125,65.09054032,Barnet et al. (2019),benthic foraminifera
"208-1262B-22H-1,26-27",1.39,-0.12,191.165,212.155,65.09523387,Barnet et al. (2019),benthic foraminifera
"208-1262B-22H-1,29-30",1.45,0.02,191.195,212.185,65.09992742,Barnet et al. (2019),benthic foraminifera
"208-1262B-22H-1,33-34",1.39,0.01,191.235,212.225,65.10618548,Barnet et al. (2019),benthic foraminifera
"208-1262B-22H-1,35-36",1.22,-0.13,191.255,212.245,65.10931452,Barnet et al. (2019),benthic foraminifera
"208-1262B-22H-1,38-39",1.18,-0.12,191.285,212.275,65.11400806,Barnet et al. (2019),benthic foraminifera
"208-1262B-22H-1,41-42",1.20,-0.08,191.315,212.305,65.11870161,Barnet et al. (2019),benthic foraminifera
"208-1262B-22H-1,44-45",1.19,-0.15,191.345,212.335,65.12339516,Barnet et al. (2019),benthic foraminifera
"208-1262B-22H-1,47-48",1.23,-0.14,191.375,212.365,65.12808871,Barnet et al. (2019),benthic foraminifera
"208-1262B-22H-1,50-51",1.29,-0.17,191.405,212.395,65.13270455,Barnet et al. (2019),benthic foraminifera
"208-1262B-22H-1,53-54",1.32,-0.14,191.435,212.425,65.13693182,Barnet et al. (2019),benthic foraminifera
"208-1262B-22H-1,55-56",1.21,-0.12,191.455,212.445,65.13975,Barnet et al. (2019),benthic foraminifera
"208-1262B-22H-1,62-63",1.22,-0.11,191.525,212.515,65.14961364,Barnet et al. (2019),benthic foraminifera
"208-1262B-22H-1,65-66",1.10,-0.13,191.555,212.545,65.15384091,Barnet et al. (2019),benthic foraminifera
"208-1262B-22H-1,67-68",1.32,-0.08,191.575,212.565,65.15665909,Barnet et al. (2019),benthic foraminifera
"208-1262B-22H-1,71-72",1.37,-0.06,191.615,212.605,65.16229545,Barnet et al. (2019),benthic foraminifera
"208-1262B-22H-1,74-75",1.43,-0.09,191.645,212.635,65.16652273,Barnet et al. (2019),benthic foraminifera
"208-1262B-22H-1,77-78",1.38,-0.09,191.675,212.665,65.17075,Barnet et al. (2019),benthic foraminifera
"208-1262B-22H-1,79-80",1.39,-0.14,191.695,212.685,65.17356818,Barnet et al. (2019),benthic foraminifera
"208-1262B-22H-1,83-84",1.35,-0.12,191.735,212.725,65.17920455,Barnet et al. (2019),benthic foraminifera
"208-1262B-22H-1,86-87",1.31,-0.10,191.765,212.755,65.18343182,Barnet et al. (2019),benthic foraminifera
"208-1262B-22H-1,89-90",1.34,-0.09,191.795,212.785,65.18765909,Barnet et al. (2019),benthic foraminifera
"208-1262B-22H-1,93-94",1.28,-0.05,191.835,212.825,65.19329545,Barnet et al. (2019),benthic foraminifera
"208-1262B-22H-1,95-96",1.29,-0.13,191.855,212.845,65.19611364,Barnet et al. (2019),benthic foraminifera
"208-1262B-22H-1,98-99",1.30,-0.11,191.885,212.875,65.20034091,Barnet et al. (2019),benthic foraminifera
"208-1262B-22H-2,2-3",1.19,-0.13,191.925,212.915,65.20597727,Barnet et al. (2019),benthic foraminifera
"208-1262B-22H-2,6-7",1.20,-0.13,191.965,212.955,65.21161364,Barnet et al. (2019),benthic foraminifera
"208-1262B-22H-2,11-12",1.01,-0.05,192.015,213.005,65.21865909,Barnet et al. (2019),benthic foraminifera
"208-1262B-22H-2,14-15",1.06,-0.03,192.045,213.035,65.22288636,Barnet et al. (2019),benthic foraminifera
"208-1262B-22H-2,19-20",1.03,-0.10,192.095,213.085,65.239,Barnet et al. (2019),benthic foraminifera
"208-1262B-22H-2,20-21",0.96,-0.14,192.105,213.095,65.243,Barnet et al. (2019),benthic foraminifera
"208-1262B-22H-2,23-24",1.02,-0.05,192.135,213.125,65.255,Barnet et al. (2019),benthic foraminifera
"208-1262B-22H-2,26-27",1.17,-0.07,192.165,213.155,65.267,Barnet et al. (2019),benthic foraminifera
"208-1262B-22H-2,28-29",1.12,0.00,192.185,213.175,65.275,Barnet et al. (2019),benthic foraminifera
"208-1262B-22H-2,32-33",1.18,-0.01,192.225,213.215,65.291,Barnet et al. (2019),benthic foraminifera
"208-1262B-22H-2,35-36",1.10,-0.02,192.255,213.245,65.303,Barnet et al. (2019),benthic foraminifera
"208-1262B-22H-2,39-40",1.01,-0.03,192.295,213.285,65.319,Barnet et al. (2019),benthic foraminifera
"208-1262B-22H-2,44-45",0.84,-0.13,192.345,213.335,65.333375,Barnet et al. (2019),benthic foraminifera
"208-1262B-22H-2,50-51",1.18,-0.13,192.405,213.395,65.343875,Barnet et al. (2019),benthic foraminifera
"208-1262B-22H-2,52-53",1.15,-0.10,192.425,213.415,65.347375,Barnet et al. (2019),benthic foraminifera
"208-1262B-22H-2,56-57",1.28,-0.04,192.465,213.455,65.354375,Barnet et al. (2019),benthic foraminifera
"208-1262B-22H-2,59-60",1.43,-0.01,192.495,213.485,65.359625,Barnet et al. (2019),benthic foraminifera
"208-1262B-22H-2,62-63",1.36,0.07,192.525,213.515,65.364875,Barnet et al. (2019),benthic foraminifera
"208-1262B-22H-2,63-64",1.36,0.02,192.535,213.525,65.366625,Barnet et al. (2019),benthic foraminifera
"208-1262B-22H-2,68-69",1.42,0.04,192.585,213.575,65.375375,Barnet et al. (2019),benthic foraminifera
"208-1262B-22H-3,2-3",1.20,-0.16,192.685,213.675,65.392875,Barnet et al. (2019),benthic foraminifera
"208-1262B-22H-3,5-6",1.26,-0.10,192.715,213.705,65.398125,Barnet et al. (2019),benthic foraminifera
"208-1262B-22H-3,8-9",1.30,-0.02,192.745,213.735,65.403375,Barnet et al. (2019),benthic foraminifera
"208-1262B-22H-3,16-17",1.30,-0.03,192.825,213.815,65.417375,Barnet et al. (2019),benthic foraminifera
"208-1262B-22H-3,17-18",1.34,-0.10,192.835,213.825,65.419125,Barnet et al. (2019),benthic foraminifera
"208-1262B-22H-3,29-30",1.30,-0.10,192.955,213.945,65.44107609,Barnet et al. (2019),benthic foraminifera
"208-1262B-22H-3,32-33",1.33,0.00,192.985,213.975,65.4471413,Barnet et al. (2019),benthic foraminifera
"208-1262B-22H-3,35-36",1.42,0.01,193.015,214.005,65.45320652,Barnet et al. (2019),benthic foraminifera
"208-1262B-22H-3,38-39",1.36,-0.01,193.045,214.035,65.45927174,Barnet et al. (2019),benthic foraminifera
"208-1262B-22H-3,41-42",1.35,-0.12,193.075,214.065,65.46533696,Barnet et al. (2019),benthic foraminifera
"208-1262B-22H-3,44-45",1.39,0.07,193.105,214.095,65.47140217,Barnet et al. (2019),benthic foraminifera
"208-1262B-22H-3,47-48",1.35,0.04,193.135,214.125,65.47746739,Barnet et al. (2019),benthic foraminifera
"208-1262B-22H-3,50-51",1.39,0.03,193.165,214.155,65.48353261,Barnet et al. (2019),benthic foraminifera
"208-1262B-22H-3,53-54",1.38,-0.01,193.195,214.185,65.48959783,Barnet et al. (2019),benthic foraminifera
"208-1262B-22H-3,56-57",1.38,0.02,193.225,214.215,65.49566304,Barnet et al. (2019),benthic foraminifera
"208-1262B-22H-3,65-66",1.28,-0.07,193.315,214.305,65.5138587,Barnet et al. (2019),benthic foraminifera
"208-1262B-22H-3,68-69",1.26,0.04,193.345,214.335,65.51992391,Barnet et al. (2019),benthic foraminifera
"208-1262B-22H-3,71-72",1.43,0.03,193.375,214.365,65.52598913,Barnet et al. (2019),benthic foraminifera
"208-1262B-22H-3,76-77",1.42,0.04,193.425,214.415,65.53492857,Barnet et al. (2019),benthic foraminifera
"208-1262B-22H-3,77-78",1.45,0.07,193.435,214.425,65.53669048,Barnet et al. (2019),benthic foraminifera
"208-1262C-13H-1,0-1",1.28,-0.01,193.505,214.444,65.53996762,Barnet et al. (2019),benthic foraminifera
"208-1262C-13H-1,1-2",1.19,-0.11,193.515,214.454,65.54172952,Barnet et al. (2019),benthic foraminifera
"208-1262B-22H-3,80-81",1.45,0.06,193.465,214.455,65.54197619,Barnet et al. (2019),benthic foraminifera
"208-1262C-13H-1,2-3",1.19,-0.10,193.525,214.464,65.54349143,Barnet et al. (2019),benthic foraminifera
"208-1262C-13H-1,4-5",1.34,-0.04,193.545,214.484,65.54701524,Barnet et al. (2019),benthic foraminifera
"208-1262B-22H-3,83-84",1.48,-0.01,193.495,214.485,65.5472619,Barnet et al. (2019),benthic foraminifera
"208-1262C-13H-1,5-6",1.44,0.03,193.555,214.494,65.54877714,Barnet et al. (2019),benthic foraminifera
"208-1262B-22H-3,86-87",1.52,0.06,193.525,214.515,65.55254762,Barnet et al. (2019),benthic foraminifera
"208-1262C-13H-1,8-9",1.49,0.08,193.585,214.524,65.55406286,Barnet et al. (2019),benthic foraminifera
"208-1262C-13H-1,11-12",1.44,0.08,193.615,214.566,65.56144524,Barnet et al. (2019),benthic foraminifera
"208-1262B-22H-3,92-93",1.49,0.00,193.585,214.575,65.56311905,Barnet et al. (2019),benthic foraminifera
"208-1262B-22H-3,95-96",1.54,0.05,193.615,214.605,65.56840476,Barnet et al. (2019),benthic foraminifera
"208-1262C-13H-1,15-16",1.26,0.09,193.655,214.637,65.57411333,Barnet et al. (2019),benthic foraminifera
"208-1262C-13H-1,16-17",1.37,0.05,193.665,214.655,65.57728476,Barnet et al. (2019),benthic foraminifera
"208-1262B-22H-3,101-102",1.41,0.01,193.675,214.665,65.57897619,Barnet et al. (2019),benthic foraminifera
"208-1262C-13H-1,19-20",1.38,-0.15,193.695,214.709,65.58678143,Barnet et al. (2019),benthic foraminifera
"208-1262B-22H-3,107-108",1.41,-0.03,193.735,214.725,65.58954762,Barnet et al. (2019),benthic foraminifera
"208-1262C-13H-1,20-21",1.41,-0.02,193.705,214.727,65.58993524,Barnet et al. (2019),benthic foraminifera
"208-1262C-13H-1,21-22",1.39,-0.16,193.715,214.745,65.59310667,Barnet et al. (2019),benthic foraminifera
"208-1262B-22H-3,113-114",1.35,-0.09,193.795,214.785,65.60011905,Barnet et al. (2019),benthic foraminifera
"208-1262C-13H-1,25-26",1.48,0.03,193.755,214.804,65.60443238,Barnet et al. (2019),benthic foraminifera
"208-1262C-13H-1,26-27",1.49,0.13,193.765,214.814,65.60695619,Barnet et al. (2019),benthic foraminifera
"208-1262C-13H-1,29-30",1.56,0.03,193.795,214.844,65.61452762,Barnet et al. (2019),benthic foraminifera
"208-1262B-22H-3,119-120",1.40,0.03,193.855,214.845,65.61488095,Barnet et al. (2019),benthic foraminifera
"208-1262C-13H-1,32-33",1.50,0.03,193.825,214.874,65.62209905,Barnet et al. (2019),benthic foraminifera
"208-1262B-22H-3,122-123",1.51,0.08,193.885,214.875,65.62245238,Barnet et al. (2019),benthic foraminifera
"208-1262C-13H-1,34-35",1.53,0.07,193.845,214.894,65.62714667,Barnet et al. (2019),benthic foraminifera
"208-1262C-13H-1,35-36",1.56,0.05,193.855,214.904,65.62967048,Barnet et al. (2019),benthic foraminifera
"208-1262B-22H-3,125-126",1.60,0.02,193.915,214.905,65.63002381,Barnet et al. (2019),benthic foraminifera
"208-1262C-13H-1,37-38",1.54,-0.02,193.875,214.924,65.6347181,Barnet et al. (2019),benthic foraminifera
"208-1262C-13H-1,38-39",1.51,-0.09,193.885,214.934,65.6372419,Barnet et al. (2019),benthic foraminifera
"208-1262B-22H-3,128-129",1.63,0.08,193.945,214.935,65.63759524,Barnet et al. (2019),benthic foraminifera
"208-1262C-13H-1,40-41",1.58,-0.02,193.905,214.954,65.64228952,Barnet et al. (2019),benthic foraminifera
"208-1262B-22H-3,131-132",1.42,-0.13,193.975,214.965,65.64516667,Barnet et al. (2019),benthic foraminifera
"208-1262C-13H-1,43-44",1.58,-0.07,193.935,214.984,65.64986095,Barnet et al. (2019),benthic foraminifera
"208-1262C-13H-1,44-45",1.37,-0.08,193.945,214.994,65.65238476,Barnet et al. (2019),benthic foraminifera
"208-1262B-22H-3,134-135",1.72,0.27,194.005,214.995,65.6527381,Barnet et al. (2017),benthic foraminifera
"208-1262C-13H-1,46-47",1.64,0.25,193.965,215.014,65.65743238,Barnet et al. (2017),benthic foraminifera
"208-1262C-13H-1,47-48",1.59,0.29,193.975,215.024,65.65995619,Barnet et al. (2017),benthic foraminifera
"208-1262C-13H-1,48-49",1.66,0.28,193.985,215.034,65.66248,Barnet et al. (2017),benthic foraminifera
"208-1262C-13H-1,49-50",1.57,0.16,193.995,215.044,65.66500381,Barnet et al. (2017),benthic foraminifera
"208-1262C-13H-1,51-52",1.56,0.24,194.015,215.064,65.67005143,Barnet et al. (2017),benthic foraminifera
"208-1262C-13H-1,53-54",1.58,0.25,194.035,215.084,65.67509905,Barnet et al. (2017),benthic foraminifera
"208-1262C-13H-1,55-56",1.69,0.29,194.055,215.104,65.68014667,Barnet et al. (2017),benthic foraminifera
"208-1262B-22H-3,146-147",1.51,0.12,194.125,215.115,65.68302381,Barnet et al. (2017),benthic foraminifera
"208-1262C-13H-1,58-59",1.64,0.28,194.085,215.134,65.6877181,Barnet et al. (2017),benthic foraminifera
"208-1262B-22H-3,149-150",1.44,0.11,194.155,215.145,65.69059524,Barnet et al. (2017),benthic foraminifera
"208-1262C-13H-1,61-62",1.60,0.18,194.115,215.164,65.69528952,Barnet et al. (2017),benthic foraminifera
"208-1262C-13H-1,62-63",1.52,0.20,194.125,215.174,65.69781333,Barnet et al. (2017),benthic foraminifera
"208-1262B-22H-4,2-3",1.41,0.10,194.185,215.175,65.69816667,Barnet et al. (2017),benthic foraminifera
"208-1262C-13H-1,64-65",1.44,0.18,194.145,215.194,65.70286095,Barnet et al. (2017),benthic foraminifera
"208-1262C-13H-1,65-66",1.48,0.05,194.155,215.204,65.70538476,Barnet et al. (2017),benthic foraminifera
"208-1262B-22H-4,5-6",1.55,0.19,194.215,215.205,65.7057381,Barnet et al. (2017),benthic foraminifera
"208-1262C-13H-1,68-69",1.63,0.20,194.185,215.229,65.715064,Barnet et al. (2017),benthic foraminifera
"208-1262C-13H-1,69-70",1.51,0.20,194.195,215.238,65.71855,Barnet et al. (2017),benthic foraminifera
"208-1262C-13H-1,71-72",1.63,0.10,194.215,215.255,65.7259,Barnet et al. (2017),benthic foraminifera
"208-1262B-22H-4,11-12",1.60,0.16,194.275,215.269,65.731738,Barnet et al. (2017),benthic foraminifera
"208-1262C-13H-1,73-74",1.56,0.13,194.235,215.275,65.7343,Barnet et al. (2017),benthic foraminifera
"208-1262C-13H-1,75-76",1.59,0.12,194.255,215.295,65.7427,Barnet et al. (2017),benthic foraminifera
"208-1262C-13H-1,77-78",1.66,0.27,194.275,215.315,65.7511,Barnet et al. (2017),benthic foraminifera
"208-1262C-13H-1,78-79",1.55,0.18,194.285,215.325,65.7553,Barnet et al. (2017),benthic foraminifera
"208-1262C-13H-1,80-81",1.53,0.15,194.305,215.345,65.7637,Barnet et al. (2017),benthic foraminifera
"208-1262C-13H-1,81-82",1.60,0.16,194.315,215.355,65.7679,Barnet et al. (2017),benthic foraminifera
"208-1262C-13H-1,82-83",1.66,0.15,194.325,215.365,65.7721,Barnet et al. (2017),benthic foraminifera
"208-1262C-13H-1,83-84",1.55,0.18,194.335,215.375,65.7763,Barnet et al. (2017),benthic foraminifera
"208-1262C-13H-1,84-85",1.56,0.16,194.345,215.385,65.7805,Barnet et al. (2017),benthic foraminifera
"208-1262C-13H-1,85-86",1.61,0.26,194.355,215.395,65.7847,Barnet et al. (2017),benthic foraminifera
"208-1262C-13H-1,86-87",1.60,0.17,194.365,215.405,65.7889,Barnet et al. (2017),benthic foraminifera
"208-1262C-13H-1,87-88",1.61,0.18,194.375,215.415,65.7931,Barnet et al. (2017),benthic foraminifera
"208-1262C-13H-1,88-89",1.46,0.14,194.385,215.425,65.7973,Barnet et al. (2017),benthic foraminifera
"208-1262C-13H-1,89-90",1.46,0.17,194.395,215.435,65.8015,Barnet et al. (2017),benthic foraminifera
"208-1262C-13H-1,90-91",1.56,0.14,194.405,215.445,65.8057,Barnet et al. (2017),benthic foraminifera
"208-1262C-13H-1,91-92",1.59,0.21,194.415,215.455,65.8099,Barnet et al. (2017),benthic foraminifera
"208-1262C-13H-1,92-93",1.48,0.25,194.425,215.465,65.813125,Barnet et al. (2017),benthic foraminifera
"208-1262C-13H-1,93-94",1.55,0.17,194.435,215.475,65.815375,Barnet et al. (2017),benthic foraminifera
"208-1262C-13H-1,94-95",1.62,0.19,194.445,215.485,65.817625,Barnet et al. (2017),benthic foraminifera
"208-1262C-13H-1,95-96",1.54,0.16,194.455,215.495,65.819875,Barnet et al. (2017),benthic foraminifera
"208-1262C-13H-1,96-97",1.53,0.14,194.465,215.505,65.822125,Barnet et al. (2017),benthic foraminifera
"208-1262C-13H-1,97-98",1.61,0.14,194.475,215.515,65.824375,Barnet et al. (2017),benthic foraminifera
"208-1262C-13H-1,98-99",1.50,0.16,194.485,215.525,65.826625,Barnet et al. (2017),benthic foraminifera
"208-1262C-13H-1,99-100",1.61,0.20,194.495,215.535,65.828875,Barnet et al. (2017),benthic foraminifera
"208-1262C-13H-1,100-101",1.58,0.18,194.505,215.545,65.831125,Barnet et al. (2017),benthic foraminifera
"208-1262C-13H-1,101-102",1.70,0.25,194.515,215.555,65.833375,Barnet et al. (2017),benthic foraminifera
"208-1262C-13H-1,102-103",1.67,0.04,194.525,215.565,65.835625,Barnet et al. (2017),benthic foraminifera
"208-1262C-13H-1,103-104",1.58,0.14,194.535,215.575,65.837875,Barnet et al. (2017),benthic foraminifera
"208-1262C-13H-1,104-105",1.57,0.19,194.545,215.585,65.840125,Barnet et al. (2017),benthic foraminifera
"208-1262C-13H-1,105-106",1.74,0.20,194.555,215.595,65.842375,Barnet et al. (2017),benthic foraminifera
"208-1262C-13H-1,106-107",1.72,0.23,194.565,215.605,65.844625,Barnet et al. (2017),benthic foraminifera
"208-1262C-13H-1,107-108",1.71,0.24,194.575,215.615,65.846875,Barnet et al. (2017),benthic foraminifera
"208-1262C-13H-1,108-109",1.80,0.21,194.585,215.625,65.849125,Barnet et al. (2017),benthic foraminifera
"208-1262C-13H-1,109-110",1.82,0.26,194.595,215.635,65.851375,Barnet et al. (2017),benthic foraminifera
"208-1262C-13H-1,110-111",1.78,0.24,194.605,215.645,65.853625,Barnet et al. (2017),benthic foraminifera
"208-1262C-13H-1,111-112",1.97,0.29,194.615,215.655,65.855875,Barnet et al. (2017),benthic foraminifera
"208-1262C-13H-1,112-113",1.84,0.26,194.625,215.665,65.858125,Barnet et al. (2017),benthic foraminifera
"208-1262C-13H-1,113-114",1.90,0.29,194.635,215.675,65.860375,Barnet et al. (2017),benthic foraminifera
"208-1262C-13H-1,114-115",1.80,0.24,194.645,215.685,65.862625,Barnet et al. (2017),benthic foraminifera
"208-1262C-13H-1,115-116",1.85,0.24,194.655,215.695,65.864875,Barnet et al. (2017),benthic foraminifera
"208-1262C-13H-1,116-117",1.85,0.15,194.665,215.705,65.867125,Barnet et al. (2017),benthic foraminifera
"208-1262C-13H-1,117-118",1.88,0.24,194.675,215.715,65.869375,Barnet et al. (2017),benthic foraminifera
"208-1262C-13H-1,118-119",1.83,0.21,194.685,215.725,65.871625,Barnet et al. (2017),benthic foraminifera
"208-1262C-13H-1,119-120",1.80,0.26,194.695,215.735,65.873875,Barnet et al. (2017),benthic foraminifera
"208-1262C-13H-1,120-121",1.81,0.25,194.705,215.745,65.876125,Barnet et al. (2017),benthic foraminifera
"208-1262C-13H-1,121-122",1.83,0.29,194.715,215.755,65.878375,Barnet et al. (2017),benthic foraminifera
"208-1262C-13H-1,122-123",1.84,0.27,194.725,215.765,65.880625,Barnet et al. (2017),benthic foraminifera
"208-1262C-13H-1,123-124",1.87,0.24,194.735,215.775,65.882875,Barnet et al. (2017),benthic foraminifera
"208-1262C-13H-1,124-125",1.78,0.28,194.745,215.785,65.885125,Barnet et al. (2017),benthic foraminifera
"208-1262C-13H-1,125-126",1.81,0.25,194.755,215.795,65.887375,Barnet et al. (2017),benthic foraminifera
"208-1262C-13H-1,126-127",1.93,0.29,194.765,215.805,65.889625,Barnet et al. (2017),benthic foraminifera
"208-1262C-13H-1,127-128",1.91,0.20,194.775,215.815,65.891875,Barnet et al. (2017),benthic foraminifera
"208-1262C-13H-1,128-129",1.90,0.22,194.785,215.825,65.894125,Barnet et al. (2017),benthic foraminifera
"208-1262C-13H-1,129-130",1.90,0.19,194.795,215.835,65.896375,Barnet et al. (2017),benthic foraminifera
"208-1262C-13H-1,130-131",2.00,0.26,194.805,215.845,65.898625,Barnet et al. (2017),benthic foraminifera
"208-1262C-13H-1,131-132",1.94,0.24,194.815,215.855,65.900875,Barnet et al. (2017),benthic foraminifera
"208-1262C-13H-1,132-133",2.05,0.31,194.825,215.865,65.903125,Barnet et al. (2017),benthic foraminifera
"208-1262C-13H-1,133-134",1.96,0.20,194.835,215.875,65.905375,Barnet et al. (2017),benthic foraminifera
"208-1262C-13H-1,134-135",1.99,0.25,194.845,215.885,65.907625,Barnet et al. (2017),benthic foraminifera
"208-1262C-13H-1,135-136",1.99,0.28,194.855,215.895,65.909875,Barnet et al. (2017),benthic foraminifera
"208-1262C-13H-1,137-138",1.99,0.24,194.875,215.915,65.91427632,Barnet et al. (2017),benthic foraminifera
"208-1262C-13H-1,138-139",1.98,0.28,194.885,215.925,65.91646053,Barnet et al. (2017),benthic foraminifera
"208-1262C-13H-1,139-140",1.92,0.22,194.895,215.935,65.91864474,Barnet et al. (2017),benthic foraminifera
"208-1262C-13H-1,140-141",1.89,0.25,194.905,215.945,65.92082895,Barnet et al. (2017),benthic foraminifera
"208-1262C-13H-1,141-142",1.93,0.25,194.915,215.955,65.92301316,Barnet et al. (2017),benthic foraminifera
"208-1262C-13H-1,142-143",1.98,0.29,194.925,215.965,65.92519737,Barnet et al. (2017),benthic foraminifera
"208-1262C-13H-1,143-144",2.08,0.33,194.935,215.975,65.92738158,Barnet et al. (2017),benthic foraminifera
"208-1262C-13H-1,144-145",1.98,0.26,194.945,215.985,65.92956579,Barnet et al. (2017),benthic foraminifera
"208-1262C-13H-1,146-147",2.07,0.30,194.965,216.005,65.93393421,Barnet et al. (2017),benthic foraminifera
"208-1262C-13H-2,0-1",2.11,0.32,195.005,216.045,65.94267105,Barnet et al. (2017),benthic foraminifera
"208-1262C-13H-2,1-2",2.09,0.26,195.015,216.055,65.94485526,Barnet et al. (2017),benthic foraminifera
"208-1262C-13H-2,2-3",1.97,0.22,195.025,216.065,65.94703947,Barnet et al. (2017),benthic foraminifera
"208-1262C-13H-2,3-4",2.11,0.27,195.035,216.075,65.94922368,Barnet et al. (2017),benthic foraminifera
"208-1262C-13H-2,4-5",2.14,0.31,195.045,216.085,65.95140789,Barnet et al. (2017),benthic foraminifera
"208-1262C-13H-2,5-6",2.09,0.28,195.055,216.095,65.95359211,Barnet et al. (2017),benthic foraminifera
"208-1262C-13H-2,6-7",2.04,0.28,195.065,216.105,65.95577632,Barnet et al. (2017),benthic foraminifera
"208-1262C-13H-2,8-9",2.11,0.26,195.085,216.125,65.96014474,Barnet et al. (2017),benthic foraminifera
"208-1262C-13H-2,9-10",2.15,0.29,195.095,216.135,65.96232895,Barnet et al. (2017),benthic foraminifera
"208-1262C-13H-2,10-11",1.91,0.20,195.105,216.145,65.96451316,Barnet et al. (2017),benthic foraminifera
"208-1262C-13H-2,12-13",2.06,0.24,195.125,216.165,65.96888158,Barnet et al. (2017),benthic foraminifera
"208-1262C-13H-2,14-15",2.16,0.35,195.145,216.185,65.97325,Barnet et al. (2017),benthic foraminifera
"208-1262C-13H-2,16-17",2.07,0.27,195.165,216.205,65.97761842,Barnet et al. (2017),benthic foraminifera
"208-1262C-13H-2,18-19",2.28,0.39,195.185,216.225,65.98198684,Barnet et al. (2017),benthic foraminifera
"208-1262C-13H-2,20-21",2.28,0.41,195.205,216.245,65.98635526,Barnet et al. (2017),benthic foraminifera
"208-1262C-13H-2,22-23",2.29,0.37,195.225,216.265,65.99072368,Barnet et al. (2017),benthic foraminifera
"208-1262C-13H-2,24-25",2.25,0.36,195.245,216.285,65.99432558,Barnet et al. (2017),benthic foraminifera
"208-1262C-13H-2,26-27",2.29,0.43,195.265,216.305,65.99562791,Barnet et al. (2017),benthic foraminifera
"208-1262C-13H-2,28-29",2.21,0.50,195.285,216.325,65.99693023,Barnet et al. (2017),benthic foraminifera
"208-1262C-13H-2,30-31",2.27,0.44,195.305,216.345,65.99823256,Barnet et al. (2017),benthic foraminifera
"208-1262C-13H-2,32-33",2.31,0.37,195.325,216.365,65.99953488,Barnet et al. (2017),benthic foraminifera
"208-1262C-13H-2,34-35",2.35,0.43,195.345,216.385,66.00083721,Barnet et al. (2017),benthic foraminifera
"208-1262C-13H-2,36-37",2.25,0.32,195.365,216.405,66.00213953,Barnet et al. (2017),benthic foraminifera
"208-1262C-13H-2,38-39",2.22,0.32,195.385,216.425,66.00344186,Barnet et al. (2017),benthic foraminifera
"208-1262C-13H-2,42-43",2.12,0.30,195.425,216.465,66.00604651,Barnet et al. (2017),benthic foraminifera
"208-1262C-13H-2,44-45",2.29,0.30,195.445,216.485,66.00734884,Barnet et al. (2017),benthic foraminifera
"208-1262C-13H-2,47-48",2.30,0.33,195.475,216.515,66.00930233,Barnet et al. (2017),benthic foraminifera
"208-1262C-13H-2,49-50",2.32,0.37,195.495,216.535,66.01060465,Barnet et al. (2017),benthic foraminifera
"208-1262C-13H-2,51-52",2.26,0.25,195.515,216.555,66.01190698,Barnet et al. (2017),benthic foraminifera
"208-1262C-13H-2,54-55",2.28,0.39,195.545,216.585,66.01386047,Barnet et al. (2017),benthic foraminifera
"208-1262C-13H-2,56-57",2.29,0.33,195.565,216.605,66.01516279,Barnet et al. (2017),benthic foraminifera
"208-1262C-13H-2,58-59",2.23,0.30,195.585,216.625,66.01646512,Barnet et al. (2017),benthic foraminifera
"208-1262C-13H-2,60-61",2.16,0.24,195.605,216.645,66.01776744,Barnet et al. (2017),benthic foraminifera
"208-1262C-13H-2,61-62",2.25,0.24,195.615,216.655,66.0184186,Barnet et al. (2017),benthic foraminifera
"208-1262C-13H-2,69-70",2.13,0.34,195.695,216.735,66.02309467,Barnet et al. (2017),benthic foraminifera
"208-1262C-13H-2,78-79",2.04,0.47,195.785,216.825,66.0270355,Barnet et al. (2017),benthic foraminifera
"208-1262C-13H-2,79-80",2.03,0.49,195.795,216.835,66.02747337,Barnet et al. (2017),benthic foraminifera
"208-1262C-13H-2,101-102",2.08,0.44,196.015,217.055,66.03710651,Barnet et al. (2017),benthic foraminifera
"208-1262C-13H-2,107-108",2.01,0.42,196.075,217.115,66.03973373,Barnet et al. (2017),benthic foraminifera
"208-1262C-13H-2,113-114",1.94,0.38,196.135,217.175,66.04236095,Barnet et al. (2017),benthic foraminifera
"208-1262C-13H-2,119-120",1.92,0.37,196.195,217.235,66.04498817,Barnet et al. (2017),benthic foraminifera
"208-1262C-13H-2,125-126",1.83,0.32,196.255,217.295,66.04761538,Barnet et al. (2017),benthic foraminifera
"208-1262C-13H-2,137-138",1.86,0.37,196.375,217.415,66.05286982,Barnet et al. (2017),benthic foraminifera
"208-1262C-13H-2,146-147",1.79,0.10,196.465,217.505,66.05681065,Barnet et al. (2017),benthic foraminifera
"208-1262C-13H-3,6-7",1.92,0.32,196.565,217.605,66.06118935,Barnet et al. (2017),benthic foraminifera
"208-1262C-13H-3,18-19",1.70,0.14,196.685,217.725,66.06644379,Barnet et al. (2017),benthic foraminifera
"208-1262C-13H-3,24-25",1.81,0.24,196.745,217.785,66.06907101,Barnet et al. (2017),benthic foraminifera
"208-1262C-13H-3,30-31",1.86,0.26,196.805,217.845,66.07169822,Barnet et al. (2017),benthic foraminifera
"208-1262C-13H-3,36-37",1.93,0.26,196.865,217.905,66.07432544,Barnet et al. (2017),benthic foraminifera
"208-1262C-13H-3,48-49",1.67,0.14,196.985,218.025,66.07957988,Barnet et al. (2017),benthic foraminifera
"208-1262C-13H-3,57-58",1.79,0.10,197.075,218.115,66.08352071,Barnet et al. (2017),benthic foraminifera
"208-1262C-13H-3,66-67",1.64,-0.04,197.165,218.205,66.08746154,Barnet et al. (2017),benthic foraminifera
"208-1262C-13H-3,96-97",1.70,-0.04,197.465,218.505,66.10110682,Barnet et al. (2017),benthic foraminifera
"208-1262C-13H-3,102-103",1.85,-0.03,197.525,218.565,66.104025,Barnet et al. (2017),benthic foraminifera
"208-1262C-13H-3,111-112",1.91,0.03,197.615,218.655,66.10840227,Barnet et al. (2017),benthic foraminifera
"208-1262C-13H-3,120-121",1.87,-0.07,197.705,218.745,66.11277955,Barnet et al. (2017),benthic foraminifera
"208-1262C-13H-3,126-127",1.77,-0.12,197.765,218.805,66.11569773,Barnet et al. (2017),benthic foraminifera
"208-1262C-13H-3,132-133",1.68,-0.09,197.825,218.865,66.11861591,Barnet et al. (2017),benthic foraminifera
"208-1262C-13H-3,138-139",1.68,-0.04,197.885,218.925,66.12153409,Barnet et al. (2017),benthic foraminifera
"208-1262C-13H-3,141-142",1.64,-0.06,197.915,218.955,66.12299318,Barnet et al. (2017),benthic foraminifera
"208-1262C-13H-4,3-4",1.67,-0.09,198.035,219.075,66.12882955,Barnet et al. (2017),benthic foraminifera
"208-1262C-13H-4,6-7",1.72,-0.08,198.065,219.105,66.13028864,Barnet et al. (2017),benthic foraminifera
"208-1262C-13H-4,12-13",1.70,0.01,198.125,219.165,66.13320682,Barnet et al. (2017),benthic foraminifera
"208-1262C-13H-4,15-16",1.77,-0.15,198.155,219.195,66.13466591,Barnet et al. (2017),benthic foraminifera
"208-1262C-13H-4,21-22",1.69,-0.18,198.215,219.255,66.13758409,Barnet et al. (2017),benthic foraminifera
"208-1262C-13H-4,27-28",1.63,-0.26,198.275,219.315,66.14050227,Barnet et al. (2017),benthic foraminifera
"208-1262C-13H-4,36-37",1.56,-0.15,198.365,219.405,66.14487955,Barnet et al. (2017),benthic foraminifera
"208-1262C-13H-4,42-43",1.59,-0.17,198.425,219.465,66.14779773,Barnet et al. (2017),benthic foraminifera
"208-1262C-13H-4,45-46",1.58,-0.10,198.455,219.495,66.14925682,Barnet et al. (2017),benthic foraminifera
"208-1262C-13H-4,51-52",1.79,-0.07,198.515,219.555,66.152175,Barnet et al. (2017),benthic foraminifera
"208-1262C-13H-4,57-58",1.80,-0.11,198.575,219.615,66.15509318,Barnet et al. (2017),benthic foraminifera
"208-1262C-13H-4,63-64",1.81,-0.15,198.635,219.675,66.15801136,Barnet et al. (2017),benthic foraminifera
"208-1262C-13H-4,66-67",1.50,-0.29,198.665,219.705,66.15947045,Barnet et al. (2017),benthic foraminifera
"208-1262C-13H-4,72-73",1.69,-0.27,198.725,219.765,66.16238864,Barnet et al. (2017),benthic foraminifera
"208-1262C-13H-4,78-79",1.60,-0.32,198.785,219.825,66.16530682,Barnet et al. (2017),benthic foraminifera
"208-1262C-13H-4,87-88",1.39,-0.30,198.875,219.915,66.16968409,Barnet et al. (2017),benthic foraminifera
"208-1262C-13H-4,93-94",1.50,-0.27,198.935,219.975,66.17260227,Barnet et al. (2017),benthic foraminifera
"208-1262C-13H-4,99-100",1.48,-0.26,198.995,220.035,66.17552045,Barnet et al. (2017),benthic foraminifera
"208-1262C-13H-4,102-103",1.44,-0.20,199.025,220.065,66.17697955,Barnet et al. (2017),benthic foraminifera
"208-1262C-13H-4,108-109",1.50,-0.16,199.085,220.125,66.17989773,Barnet et al. (2017),benthic foraminifera
"208-1262C-13H-4,111-112",1.59,-0.26,199.115,220.155,66.18135682,Barnet et al. (2017),benthic foraminifera
"208-1262C-13H-4,117-118",1.59,-0.33,199.175,220.215,66.184275,Barnet et al. (2017),benthic foraminifera
"208-1262C-13H-4,120-121",1.53,-0.32,199.205,220.245,66.18573409,Barnet et al. (2017),benthic foraminifera
"208-1262C-13H-4,123-124",1.61,-0.20,199.235,220.275,66.18719318,Barnet et al. (2017),benthic foraminifera
"208-1262C-13H-4,126-127",1.49,0.01,199.265,220.305,66.18865227,Barnet et al. (2017),benthic foraminifera
"208-1262C-13H-4,132-133",1.47,-0.31,199.325,220.365,66.19157045,Barnet et al. (2017),benthic foraminifera
"208-1262C-13H-4,135-136",1.29,-0.33,199.355,220.395,66.19302955,Barnet et al. (2017),benthic foraminifera
"208-1262C-13H-4,138-139",1.51,-0.28,199.385,220.425,66.19448864,Barnet et al. (2017),benthic foraminifera
"208-1262C-13H-4,147-148",1.60,-0.36,199.475,220.515,66.19886591,Barnet et al. (2017),benthic foraminifera
"208-1262C-13H-5,0-1",1.56,-0.33,199.505,220.545,66.200325,Barnet et al. (2017),benthic foraminifera
"208-1262C-13H-5,12-13",1.36,-0.30,199.625,220.665,66.20634286,Barnet et al. (2017),benthic foraminifera
"208-1262C-13H-5,15-16",1.21,-0.15,199.655,220.695,66.20788571,Barnet et al. (2017),benthic foraminifera
"208-1262C-13H-5,18-19",1.26,-0.10,199.685,220.725,66.20942857,Barnet et al. (2017),benthic foraminifera
"208-1262C-13H-5,27-28",1.27,-0.02,199.775,220.815,66.21405714,Barnet et al. (2017),benthic foraminifera
"208-1262C-13H-5,30-31",1.48,-0.17,199.805,220.845,66.2156,Barnet et al. (2017),benthic foraminifera
"208-1262C-13H-5,33-34",1.54,-0.28,199.835,220.875,66.21714286,Barnet et al. (2017),benthic foraminifera
"208-1262C-13H-5,39-40",1.64,-0.24,199.895,220.935,66.22022857,Barnet et al. (2017),benthic foraminifera
"208-1262C-13H-5,45-46",1.64,-0.22,199.955,220.995,66.22331429,Barnet et al. (2017),benthic foraminifera
"208-1262C-13H-5,48-49",1.64,-0.31,199.985,221.025,66.22485714,Barnet et al. (2017),benthic foraminifera
"208-1262C-13H-5,54-55",1.52,-0.35,200.045,221.085,66.22794286,Barnet et al. (2017),benthic foraminifera
"208-1262C-13H-5,57-58",1.47,-0.26,200.075,221.115,66.22948571,Barnet et al. (2017),benthic foraminifera
"208-1262C-13H-5,60-61",1.49,-0.31,200.105,221.145,66.23102857,Barnet et al. (2017),benthic foraminifera
"208-1262C-13H-5,63-64",1.42,-0.17,200.135,221.175,66.23257143,Barnet et al. (2017),benthic foraminifera
"208-1262C-13H-5,69-70",1.40,-0.14,200.195,221.235,66.23565714,Barnet et al. (2017),benthic foraminifera
"208-1262C-13H-5,75-76",1.50,-0.12,200.255,221.295,66.23874286,Barnet et al. (2017),benthic foraminifera
"208-1262C-13H-5,78-79",1.44,-0.15,200.285,221.325,66.24028571,Barnet et al. (2017),benthic foraminifera
"208-1262C-13H-5,84-85",1.70,-0.05,200.345,221.385,66.24337143,Barnet et al. (2017),benthic foraminifera
"208-1262C-13H-5,90-91",1.61,-0.18,200.405,221.445,66.24645714,Barnet et al. (2017),benthic foraminifera
"208-1262C-13H-5,93-94",1.57,-0.22,200.435,221.475,66.248,Barnet et al. (2017),benthic foraminifera
"208-1262C-13H-5,99-100",1.46,-0.22,200.495,221.535,66.25108571,Barnet et al. (2017),benthic foraminifera
"208-1262C-13H-5,105-106",1.44,-0.25,200.555,221.595,66.25417143,Barnet et al. (2017),benthic foraminifera
"208-1262C-13H-5,108-109",1.66,-0.05,200.585,221.625,66.25571429,Barnet et al. (2017),benthic foraminifera
"208-1262C-13H-5,114-115",1.53,-0.09,200.645,221.685,66.2588,Barnet et al. (2017),benthic foraminifera
"208-1262C-13H-5,117-118",1.50,-0.10,200.675,221.715,66.26034286,Barnet et al. (2017),benthic foraminifera
"208-1262C-13H-5,120-121",1.61,-0.08,200.705,221.745,66.26188571,Barnet et al. (2017),benthic foraminifera
"208-1262C-13H-5,123-124",1.64,-0.04,200.735,221.775,66.26342857,Barnet et al. (2017),benthic foraminifera
"208-1262C-13H-5,129-130",1.63,-0.04,200.795,221.835,66.26651429,Barnet et al. (2017),benthic foraminifera
"208-1262C-13H-5,132-133",1.70,-0.03,200.825,221.865,66.26805714,Barnet et al. (2017),benthic foraminifera
"208-1262C-13H-5,138-139",1.72,0.00,200.885,221.925,66.27114286,Barnet et al. (2017),benthic foraminifera
"208-1262C-13H-5,144-145",1.66,-0.04,200.945,221.985,66.27422857,Barnet et al. (2017),benthic foraminifera
"208-1262C-13H-5,147-148",1.68,-0.09,200.975,222.015,66.27577143,Barnet et al. (2017),benthic foraminifera
"208-1262C-13H-6,0-1",1.66,-0.08,201.005,222.045,66.27731429,Barnet et al. (2017),benthic foraminifera
"208-1262C-13H-6,3-4",1.55,-0.11,201.035,222.075,66.27885714,Barnet et al. (2017),benthic foraminifera
"208-1262C-13H-6,9-10",1.49,0.04,201.095,222.135,66.28194286,Barnet et al. (2017),benthic foraminifera
"208-1262C-13H-6,12-13",1.42,0.05,201.125,222.165,66.28348571,Barnet et al. (2017),benthic foraminifera
"208-1262C-13H-6,18-19",1.49,0.09,201.185,222.225,66.28657143,Barnet et al. (2017),benthic foraminifera
"208-1262C-13H-6,24-25",1.62,0.16,201.245,222.285,66.28965714,Barnet et al. (2017),benthic foraminifera
"208-1262C-13H-6,27-28",1.61,0.22,201.275,222.315,66.2912,Barnet et al. (2017),benthic foraminifera
"208-1262C-13H-6,30-31",1.56,0.07,201.305,222.345,66.29274286,Barnet et al. (2017),benthic foraminifera
"208-1262C-13H-6,36-37",1.70,0.16,201.365,222.405,66.29582857,Barnet et al. (2017),benthic foraminifera
"208-1262C-13H-6,39-40",1.61,0.03,201.395,222.435,66.29737143,Barnet et al. (2017),benthic foraminifera
"208-1262C-13H-6,42-43",1.67,0.23,201.425,222.465,66.29891429,Barnet et al. (2017),benthic foraminifera
"208-1262C-13H-6,51-52",1.60,0.14,201.515,222.555,66.30354286,Barnet et al. (2017),benthic foraminifera
"208-1262C-13H-6,54-55",1.57,0.12,201.545,222.585,66.30508571,Barnet et al. (2017),benthic foraminifera
"208-1262C-13H-6,57-58",1.57,0.19,201.575,222.615,66.30662857,Barnet et al. (2017),benthic foraminifera
"208-1262C-13H-6,60-61",1.51,0.19,201.605,222.645,66.30817143,Barnet et al. (2017),benthic foraminifera
"208-1262C-13H-6,66-67",1.60,0.39,201.665,222.705,66.3113046,Barnet et al. (2017),benthic foraminifera
"208-1262C-13H-6,75-76",1.60,0.30,201.755,222.795,66.31678736,Barnet et al. (2017),benthic foraminifera
"208-1262C-13H-6,81-82",1.55,0.18,201.815,222.855,66.32044253,Barnet et al. (2017),benthic foraminifera
"208-1262C-13H-6,87-88",1.51,0.19,201.875,222.915,66.3240977,Barnet et al. (2017),benthic foraminifera
"208-1262C-13H-6,90-91",1.41,0.10,201.905,222.945,66.32592529,Barnet et al. (2017),benthic foraminifera
"208-1262C-13H-6,96-97",1.39,0.25,201.965,223.005,66.32958046,Barnet et al. (2017),benthic foraminifera
"208-1262C-13H-6,102-103",1.36,0.41,202.025,223.065,66.33323563,Barnet et al. (2017),benthic foraminifera
"208-1262C-13H-6,108-109",1.77,0.42,202.085,223.125,66.3368908,Barnet et al. (2017),benthic foraminifera
"208-1262C-13H-6,111-112",1.76,0.36,202.115,223.155,66.33871839,Barnet et al. (2017),benthic foraminifera
"208-1262C-13H-6,117-118",1.83,0.47,202.175,223.215,66.34237356,Barnet et al. (2017),benthic foraminifera
"208-1262C-13H-7,32-33",1.81,0.38,202.525,223.565,66.3636954,Barnet et al. (2017),benthic foraminifera
"208-1262C-13H-7,38-39",1.74,0.33,202.585,223.625,66.36735057,Barnet et al. (2017),benthic foraminifera
"208-1262C-13H-7,44-45",1.68,0.25,202.645,223.685,66.37100575,Barnet et al. (2017),benthic foraminifera
"208-1262C-13H-7,47-48",1.59,0.28,202.675,223.715,66.37283333,Barnet et al. (2017),benthic foraminifera
"208-1262C-13H-7,56-57",1.44,0.22,202.765,223.805,66.37831609,Barnet et al. (2017),benthic foraminifera
"208-1262C-13H-7,59-60",1.40,0.18,202.795,223.835,66.38014368,Barnet et al. (2017),benthic foraminifera
"208-1262C-13H-7,62-63",1.70,0.36,202.825,223.865,66.38197126,Barnet et al. (2017),benthic foraminifera
"208-1262C-13H-7,71-72",1.64,0.32,202.915,223.955,66.38745402,Barnet et al. (2017),benthic foraminifera
"208-1262C-13H-7,74-75",1.41,0.20,202.945,223.985,66.38928161,Barnet et al. (2017),benthic foraminifera
"208-1262C-13H-7,77-78",1.48,0.31,202.975,224.015,66.3911092,Barnet et al. (2017),benthic foraminifera
"208-1262C-13H-7,83-84",1.50,0.39,203.035,224.075,66.39476437,Barnet et al. (2017),benthic foraminifera
"208-1262C-13H-7,92-93",1.44,0.41,203.125,224.165,66.40024713,Barnet et al. (2017),benthic foraminifera
"208-1262C-13H-7,98-99",1.27,0.15,203.185,224.225,66.4039023,Barnet et al. (2017),benthic foraminifera
"208-1262C-13H-7,101-102",1.44,0.42,203.215,224.255,66.40572989,Barnet et al. (2017),benthic foraminifera
"208-1262C-13H-7,104-105",1.49,0.45,203.245,224.285,66.40755747,Barnet et al. (2017),benthic foraminifera
"208-1262C-13H-7,110-111",1.38,0.44,203.305,224.345,66.41121264,Barnet et al. (2017),benthic foraminifera
"208-1262C-13H-7,113-114",1.51,0.38,203.335,224.375,66.41304023,Barnet et al. (2017),benthic foraminifera
"208-1262C-13H-7,116-117",1.52,0.36,203.365,224.405,66.41486782,Barnet et al. (2017),benthic foraminifera
"208-1262C-13H-7,119-120",1.38,0.23,203.395,224.435,66.4166954,Barnet et al. (2017),benthic foraminifera
"208-1262B-23H-1,89-90",1.57,0.36,201.295,224.475,66.41889286,Barnet et al. (2017),benthic foraminifera
"208-1262B-23H-1,95-96",1.50,0.45,201.355,224.535,66.42213776,Barnet et al. (2017),benthic foraminifera
"208-1262B-23H-1,98-99",1.43,0.49,201.385,224.565,66.4237602,Barnet et al. (2017),benthic foraminifera
"208-1262B-23H-1,104-105",1.39,0.42,201.445,224.625,66.4270051,Barnet et al. (2017),benthic foraminifera
"208-1262B-23H-1,110-111",1.37,0.35,201.505,224.685,66.43025,Barnet et al. (2017),benthic foraminifera
"208-1262B-23H-1,119-120",1.43,0.47,201.595,224.775,66.43511735,Barnet et al. (2017),benthic foraminifera
"208-1262B-23H-1,125-126",1.45,0.46,201.655,224.835,66.43836224,Barnet et al. (2017),benthic foraminifera
"208-1262B-23H-1,134-135",1.38,0.38,201.745,224.925,66.44322959,Barnet et al. (2017),benthic foraminifera
"208-1262B-23H-1,140-141",1.38,0.38,201.805,224.985,66.44647449,Barnet et al. (2017),benthic foraminifera
"208-1262B-23H-1,146-147",1.24,0.35,201.865,225.045,66.44971939,Barnet et al. (2017),benthic foraminifera
"208-1262B-23H-2,2-3",1.31,0.31,201.925,225.105,66.45296429,Barnet et al. (2017),benthic foraminifera
"208-1262B-23H-2,5-6",1.29,0.28,201.955,225.135,66.45458673,Barnet et al. (2017),benthic foraminifera
"208-1262B-23H-2,8-9",1.36,0.35,201.985,225.165,66.45620918,Barnet et al. (2017),benthic foraminifera
"208-1262B-23H-2,14-15",1.34,0.39,202.045,225.225,66.45945408,Barnet et al. (2017),benthic foraminifera
"208-1262B-23H-2,20-21",1.48,0.13,202.105,225.285,66.46269898,Barnet et al. (2017),benthic foraminifera
"208-1262B-23H-2,29-30",1.29,0.27,202.195,225.375,66.46756633,Barnet et al. (2017),benthic foraminifera
"208-1262B-23H-2,35-36",1.40,0.31,202.255,225.435,66.47081122,Barnet et al. (2017),benthic foraminifera
"208-1262B-23H-2,38-39",1.33,0.36,202.285,225.465,66.47243367,Barnet et al. (2017),benthic foraminifera
"208-1262B-23H-2,44-45",1.44,0.37,202.345,225.525,66.47567857,Barnet et al. (2017),benthic foraminifera
"208-1262B-23H-2,47-48",1.43,0.41,202.375,225.555,66.47730102,Barnet et al. (2017),benthic foraminifera
"208-1262B-23H-2,53-54",1.27,0.27,202.435,225.615,66.48054592,Barnet et al. (2017),benthic foraminifera
"208-1262B-23H-2,59-60",1.37,0.28,202.495,225.675,66.48379082,Barnet et al. (2017),benthic foraminifera
"208-1262B-23H-2,68-69",1.25,0.30,202.585,225.765,66.48865816,Barnet et al. (2017),benthic foraminifera
"208-1262B-23H-2,74-75",1.17,0.26,202.645,225.825,66.49190306,Barnet et al. (2017),benthic foraminifera
"208-1262B-23H-2,80-81",1.14,0.25,202.705,225.885,66.49514796,Barnet et al. (2017),benthic foraminifera
"208-1262B-23H-2,89-90",0.92,0.26,202.795,225.975,66.50001531,Barnet et al. (2017),benthic foraminifera
"208-1262B-23H-2,92-93",1.35,0.37,202.825,226.005,66.50163776,Barnet et al. (2017),benthic foraminifera
"208-1262B-23H-2,95-96",1.22,0.38,202.855,226.035,66.5032602,Barnet et al. (2017),benthic foraminifera
"208-1262B-23H-2,101-102",1.23,0.40,202.915,226.095,66.5065051,Barnet et al. (2017),benthic foraminifera
"208-1262B-23H-2,104-105",1.30,0.43,202.945,226.125,66.50812755,Barnet et al. (2017),benthic foraminifera
"208-1262B-23H-2,110-111",1.23,0.33,203.005,226.185,66.51137245,Barnet et al. (2017),benthic foraminifera
"208-1262B-23H-2,116-117",1.15,0.27,203.065,226.245,66.51461735,Barnet et al. (2017),benthic foraminifera
"208-1262B-23H-2,125-126",1.09,0.31,203.155,226.335,66.51948469,Barnet et al. (2017),benthic foraminifera
"208-1262B-23H-2,131-132",1.22,0.38,203.215,226.395,66.52272959,Barnet et al. (2017),benthic foraminifera
"208-1262B-23H-2,134-135",1.26,0.25,203.245,226.425,66.52426777,Barnet et al. (2017),benthic foraminifera
"208-1262B-23H-2,140-141",1.37,0.34,203.305,226.485,66.52731043,Barnet et al. (2017),benthic foraminifera
"208-1262B-23H-2,146-147",1.39,0.33,203.365,226.545,66.53035308,Barnet et al. (2017),benthic foraminifera
"208-1262B-23H-2,149-150",1.35,0.35,203.395,226.575,66.53187441,Barnet et al. (2017),benthic foraminifera
"208-1262B-23H-3,2-3",1.32,0.31,203.425,226.605,66.53339573,Barnet et al. (2017),benthic foraminifera
"208-1262B-23H-3,5-6",1.28,0.30,203.455,226.635,66.53491706,Barnet et al. (2017),benthic foraminifera
"208-1262B-23H-3,11-12",1.08,0.27,203.515,226.695,66.53795972,Barnet et al. (2017),benthic foraminifera
"208-1262B-23H-3,14-15",0.98,0.32,203.545,226.725,66.53948104,Barnet et al. (2017),benthic foraminifera
"208-1262B-23H-3,17-18",1.10,0.22,203.575,226.755,66.54100237,Barnet et al. (2017),benthic foraminifera
"208-1262B-23H-3,20-21",1.03,0.22,203.605,226.785,66.5425237,Barnet et al. (2017),benthic foraminifera
"208-1262B-23H-3,29-30",1.23,0.31,203.695,226.875,66.54708768,Barnet et al. (2017),benthic foraminifera
"208-1262B-23H-3,35-36",1.41,0.28,203.755,226.935,66.55013033,Barnet et al. (2017),benthic foraminifera
"208-1262B-23H-3,38-39",1.39,0.38,203.785,226.965,66.55165166,Barnet et al. (2017),benthic foraminifera
"208-1262B-23H-3,41-42",1.38,0.32,203.815,227.000,66.55344682,Barnet et al. (2017),benthic foraminifera
"208-1262C-14H-1,62-63",1.29,0.34,203.625,227.045,66.55570853,Barnet et al. (2017),benthic foraminifera
"208-1262C-14H-1,65-66",1.46,0.41,203.655,227.075,66.55722986,Barnet et al. (2017),benthic foraminifera
"208-1262C-14H-1,71-72",1.45,0.44,203.715,227.135,66.56027251,Barnet et al. (2017),benthic foraminifera
"208-1262C-14H-1,77-78",1.40,0.43,203.775,227.195,66.56331517,Barnet et al. (2017),benthic foraminifera
"208-1262C-14H-1,80-81",1.36,0.35,203.805,227.225,66.56483649,Barnet et al. (2017),benthic foraminifera
"208-1262C-14H-1,86-87",1.33,0.39,203.865,227.285,66.56787915,Barnet et al. (2017),benthic foraminifera
"208-1262C-14H-1,92-93",1.27,0.33,203.925,227.345,66.5709218,Barnet et al. (2017),benthic foraminifera
"208-1262C-14H-1,95-96",1.33,0.41,203.955,227.375,66.57244313,Barnet et al. (2017),benthic foraminifera
"208-1262C-14H-1,101-102",1.30,0.33,204.015,227.435,66.57548578,Barnet et al. (2017),benthic foraminifera
"208-1262C-14H-1,107-108",1.55,0.44,204.075,227.495,66.57852844,Barnet et al. (2017),benthic foraminifera
"208-1262C-14H-1,110-111",1.38,0.47,204.105,227.525,66.58004976,Barnet et al. (2017),benthic foraminifera
"208-1262C-14H-1,116-117",1.52,0.50,204.165,227.585,66.58309242,Barnet et al. (2017),benthic foraminifera
"208-1262C-14H-1,119-120",1.55,0.51,204.195,227.615,66.58461374,Barnet et al. (2017),benthic foraminifera
"208-1262C-14H-1,122-123",1.54,0.50,204.225,227.645,66.58613507,Barnet et al. (2017),benthic foraminifera
"208-1262C-14H-1,131-132",1.49,0.49,204.315,227.735,66.59069905,Barnet et al. (2017),benthic foraminifera
"208-1262C-14H-1,134-135",1.45,0.47,204.345,227.765,66.59222038,Barnet et al. (2017),benthic foraminifera
"208-1262C-14H-1,140-141",1.44,0.39,204.405,227.825,66.59526303,Barnet et al. (2017),benthic foraminifera
"208-1262C-14H-1,146-147",1.43,0.40,204.465,227.885,66.59830569,Barnet et al. (2017),benthic foraminifera
"208-1262C-14H-1,149-150",1.28,0.31,204.495,227.915,66.59982701,Barnet et al. (2017),benthic foraminifera
"208-1262C-14H-2,2-3",1.48,0.47,204.525,227.945,66.60134834,Barnet et al. (2017),benthic foraminifera
"208-1262C-14H-2,5-6",1.40,0.45,204.555,227.975,66.60286967,Barnet et al. (2017),benthic foraminifera
"208-1262C-14H-2,11-12",1.46,0.47,204.615,228.035,66.60591232,Barnet et al. (2017),benthic foraminifera
"208-1262C-14H-2,14-15",1.30,0.38,204.645,228.065,66.60743365,Barnet et al. (2017),benthic foraminifera
"208-1262C-14H-2,17-18",1.50,0.51,204.675,228.095,66.60895498,Barnet et al. (2017),benthic foraminifera
"208-1262C-14H-2,23-24",1.47,0.53,204.735,228.155,66.61199763,Barnet et al. (2017),benthic foraminifera
"208-1262C-14H-2,30-31",1.36,0.47,204.805,228.225,66.61554739,Barnet et al. (2017),benthic foraminifera
"208-1262C-14H-2,33-34",1.33,0.36,204.835,228.255,66.61706872,Barnet et al. (2017),benthic foraminifera
"208-1262C-14H-2,39-40",1.24,0.35,204.895,228.315,66.62011137,Barnet et al. (2017),benthic foraminifera
"208-1262C-14H-2,45-46",1.19,0.41,204.955,228.375,66.62315403,Barnet et al. (2017),benthic foraminifera
"208-1262C-14H-2,48-49",1.14,0.40,204.985,228.405,66.62467536,Barnet et al. (2017),benthic foraminifera
"208-1262C-14H-2,54-55",1.27,0.45,205.045,228.465,66.62771801,Barnet et al. (2017),benthic foraminifera
"208-1262C-14H-2,57-58",1.37,0.40,205.075,228.495,66.62923934,Barnet et al. (2017),benthic foraminifera
"208-1262C-14H-2,63-64",1.42,0.43,205.135,228.555,66.63239848,Barnet et al. (2017),benthic foraminifera
"208-1262C-14H-2,69-70",1.40,0.36,205.195,228.615,66.63559645,Barnet et al. (2017),benthic foraminifera
"208-1262C-14H-2,72-73",1.19,0.37,205.225,228.645,66.63719543,Barnet et al. (2017),benthic foraminifera
"208-1262C-14H-2,75-76",1.18,0.30,205.255,228.675,66.63879442,Barnet et al. (2017),benthic foraminifera
"208-1262C-14H-2,78-79",1.29,0.37,205.285,228.705,66.6403934,Barnet et al. (2017),benthic foraminifera
"208-1262C-14H-2,84-85",1.11,0.34,205.345,228.765,66.64359137,Barnet et al. (2017),benthic foraminifera
"208-1262C-14H-2,87-88",1.25,0.38,205.375,228.795,66.64519036,Barnet et al. (2017),benthic foraminifera
"208-1262C-14H-2,90-91",1.26,0.46,205.405,228.825,66.64678934,Barnet et al. (2017),benthic foraminifera
"208-1262C-14H-2,93-94",1.29,0.40,205.435,228.855,66.64838832,Barnet et al. (2017),benthic foraminifera
"208-1262C-14H-2,99-100",1.47,0.41,205.495,228.915,66.65158629,Barnet et al. (2017),benthic foraminifera
"208-1262C-14H-2,104-105",1.53,0.46,205.545,228.965,66.65425127,Barnet et al. (2017),benthic foraminifera
"208-1262C-14H-2,109-110",1.40,0.49,205.595,229.015,66.65691624,Barnet et al. (2017),benthic foraminifera
"208-1262C-14H-2,115-116",1.26,0.39,205.655,229.075,66.66011421,Barnet et al. (2017),benthic foraminifera
"208-1262C-14H-2,121-122",1.17,0.47,205.715,229.135,66.66331218,Barnet et al. (2017),benthic foraminifera
"208-1262C-14H-2,124-125",1.12,0.30,205.745,229.165,66.66491117,Barnet et al. (2017),benthic foraminifera
"208-1262C-14H-2,127-128",1.20,0.50,205.775,229.195,66.66651015,Barnet et al. (2017),benthic foraminifera
"208-1262C-14H-2,130-131",1.21,0.44,205.805,229.225,66.66810914,Barnet et al. (2017),benthic foraminifera
"208-1262C-14H-2,133-134",1.36,0.54,205.835,229.255,66.66970812,Barnet et al. (2017),benthic foraminifera
"208-1262C-14H-2,136-137",1.33,0.54,205.865,229.285,66.67130711,Barnet et al. (2017),benthic foraminifera
"208-1262C-14H-2,142-143",1.44,0.50,205.925,229.345,66.67450508,Barnet et al. (2017),benthic foraminifera
"208-1262C-14H-2,145-146",1.51,0.48,205.955,229.375,66.67610406,Barnet et al. (2017),benthic foraminifera
"208-1262C-14H-2,148-149",1.36,0.40,205.985,229.405,66.67770305,Barnet et al. (2017),benthic foraminifera
"208-1262C-14H-3,2-3",1.37,0.42,206.025,229.445,66.67983503,Barnet et al. (2017),benthic foraminifera
"208-1262C-14H-3,5-6",1.46,0.53,206.055,229.475,66.68143401,Barnet et al. (2017),benthic foraminifera
"208-1262C-14H-3,8-9",1.38,0.47,206.085,229.505,66.68303299,Barnet et al. (2017),benthic foraminifera
"208-1262C-14H-3,14-15",1.35,0.43,206.145,229.565,66.68623096,Barnet et al. (2017),benthic foraminifera
"208-1262C-14H-3,17-18",1.42,0.45,206.175,229.595,66.68782995,Barnet et al. (2017),benthic foraminifera
"208-1262C-14H-3,20-21",1.36,0.42,206.205,229.625,66.68942893,Barnet et al. (2017),benthic foraminifera
"208-1262C-14H-3,23-24",1.54,0.52,206.235,229.655,66.69102792,Barnet et al. (2017),benthic foraminifera
"208-1262C-14H-3,26-27",1.57,0.53,206.265,229.685,66.6926269,Barnet et al. (2017),benthic foraminifera
"208-1262C-14H-3,32-33",1.57,0.59,206.325,229.745,66.69582487,Barnet et al. (2017),benthic foraminifera
"208-1262C-14H-3,38-39",1.68,0.75,206.385,229.805,66.69902284,Barnet et al. (2017),benthic foraminifera
"208-1262C-14H-3,41-42",1.49,0.55,206.415,229.835,66.70062183,Barnet et al. (2017),benthic foraminifera
"208-1262C-14H-3,44-45",1.47,0.57,206.445,229.865,66.70222081,Barnet et al. (2017),benthic foraminifera
"208-1262C-14H-3,50-51",1.45,0.44,206.505,229.925,66.70541878,Barnet et al. (2017),benthic foraminifera
"208-1262C-14H-3,53-54",1.44,0.46,206.535,229.955,66.70701777,Barnet et al. (2017),benthic foraminifera
"208-1262C-14H-3,56-57",1.45,0.65,206.565,229.985,66.70861675,Barnet et al. (2017),benthic foraminifera
"208-1262C-14H-3,62-63",1.40,0.48,206.625,230.045,66.71181472,Barnet et al. (2017),benthic foraminifera
"208-1262C-14H-3,65-66",1.37,0.48,206.655,230.075,66.71341371,Barnet et al. (2017),benthic foraminifera
"208-1262C-14H-3,68-69",1.46,0.46,206.685,230.105,66.71501269,Barnet et al. (2017),benthic foraminifera
"208-1262C-14H-3,71-72",1.43,0.41,206.715,230.135,66.71661168,Barnet et al. (2017),benthic foraminifera
"208-1262C-14H-3,74-75",1.29,0.52,206.745,230.165,66.71821066,Barnet et al. (2017),benthic foraminifera
"208-1262C-14H-3,77-78",1.23,0.56,206.775,230.195,66.71980964,Barnet et al. (2017),benthic foraminifera
"208-1262C-14H-3,80-81",1.43,0.54,206.805,230.225,66.72140863,Barnet et al. (2017),benthic foraminifera
"208-1262C-14H-3,86-87",1.48,0.59,206.865,230.285,66.7246066,Barnet et al. (2017),benthic foraminifera
"208-1262C-14H-3,89-90",1.50,0.57,206.895,230.315,66.72620558,Barnet et al. (2017),benthic foraminifera
"208-1262C-14H-3,92-93",1.47,0.59,206.925,230.345,66.72780457,Barnet et al. (2017),benthic foraminifera
"208-1262C-14H-3,95-96",1.55,0.56,206.955,230.375,66.72940355,Barnet et al. (2017),benthic foraminifera
"208-1262C-14H-3,98-99",1.44,0.55,206.985,230.405,66.73100254,Barnet et al. (2017),benthic foraminifera
"208-1262C-14H-3,101-102",1.40,0.51,207.015,230.435,66.73260152,Barnet et al. (2017),benthic foraminifera
"208-1262C-14H-3,104-105",1.47,0.50,207.045,230.465,66.73420051,Barnet et al. (2017),benthic foraminifera
"208-1262C-14H-3,110-111",1.38,0.47,207.105,230.525,66.73722188,Barnet et al. (2017),benthic foraminifera
"208-1262C-14H-3,113-114",1.43,0.54,207.135,230.555,66.73870313,Barnet et al. (2017),benthic foraminifera
"208-1262C-14H-3,116-117",1.33,0.46,207.165,230.585,66.74018438,Barnet et al. (2017),benthic foraminifera
"208-1262C-14H-3,119-120",1.58,0.51,207.195,230.615,66.74166563,Barnet et al. (2017),benthic foraminifera
"208-1262C-14H-3,122-123",1.49,0.41,207.225,230.645,66.74314688,Barnet et al. (2017),benthic foraminifera
"208-1262C-14H-3,125-126",1.60,0.56,207.255,230.675,66.74462813,Barnet et al. (2017),benthic foraminifera
"208-1262C-14H-3,128-129",1.50,0.54,207.285,230.705,66.74610938,Barnet et al. (2017),benthic foraminifera
"208-1262C-14H-3,131-132",1.61,0.52,207.315,230.735,66.74759063,Barnet et al. (2017),benthic foraminifera
"208-1262C-14H-3,134-135",1.51,0.55,207.345,230.765,66.74907188,Barnet et al. (2017),benthic foraminifera
"208-1262C-14H-3,140-141",1.44,0.41,207.405,230.825,66.75203438,Barnet et al. (2017),benthic foraminifera
"208-1262C-14H-3,143-144",1.47,0.47,207.435,230.855,66.75351563,Barnet et al. (2017),benthic foraminifera
"208-1262C-14H-3,146-147",1.28,0.51,207.465,230.885,66.75499688,Barnet et al. (2017),benthic foraminifera
"208-1262C-14H-3,149-150",1.57,0.54,207.495,230.915,66.75647813,Barnet et al. (2017),benthic foraminifera
"208-1262C-14H-4,2-3",1.53,0.48,207.525,230.945,66.75795938,Barnet et al. (2017),benthic foraminifera
"208-1262C-14H-4,5-6",1.50,0.51,207.555,230.975,66.75944063,Barnet et al. (2017),benthic foraminifera
"208-1262C-14H-4,8-9",1.55,0.55,207.585,231.005,66.76092188,Barnet et al. (2017),benthic foraminifera
"208-1262C-14H-4,11-12",1.53,0.52,207.615,231.035,66.76240313,Barnet et al. (2017),benthic foraminifera
"208-1262C-14H-4,14-15",1.49,0.48,207.645,231.065,66.76388438,Barnet et al. (2017),benthic foraminifera
"208-1262C-14H-4,20-21",1.37,0.46,207.705,231.125,66.76684688,Barnet et al. (2017),benthic foraminifera
"208-1262C-14H-4,23-24",1.48,0.55,207.735,231.155,66.76832813,Barnet et al. (2017),benthic foraminifera
"208-1262C-14H-4,29-30",1.67,0.63,207.795,231.215,66.77129063,Barnet et al. (2017),benthic foraminifera
"208-1262C-14H-4,32-33",1.66,0.61,207.825,231.245,66.77277188,Barnet et al. (2017),benthic foraminifera
"208-1262C-14H-4,35-36",1.56,0.81,207.855,231.275,66.77425313,Barnet et al. (2017),benthic foraminifera
"208-1262C-14H-4,38-39",1.69,0.81,207.885,231.305,66.77573438,Barnet et al. (2017),benthic foraminifera
"208-1262C-14H-4,44-45",1.57,0.87,207.945,231.365,66.77869688,Barnet et al. (2017),benthic foraminifera
"208-1262C-14H-4,47-48",1.62,0.55,207.975,231.395,66.78017813,Barnet et al. (2017),benthic foraminifera
"208-1262C-14H-4,50-51",1.64,0.65,208.005,231.425,66.78165938,Barnet et al. (2017),benthic foraminifera
"208-1262C-14H-4,56-57",1.57,0.55,208.065,231.485,66.78462188,Barnet et al. (2017),benthic foraminifera
"208-1262C-14H-4,59-60",1.60,0.60,208.095,231.515,66.78610313,Barnet et al. (2017),benthic foraminifera
"208-1262C-14H-4,62-63",1.58,0.55,208.125,231.545,66.78758438,Barnet et al. (2017),benthic foraminifera
"208-1262C-14H-4,65-66",1.49,0.54,208.155,231.575,66.78906563,Barnet et al. (2017),benthic foraminifera
"208-1262C-14H-4,68-69",1.52,0.46,208.185,231.605,66.79054688,Barnet et al. (2017),benthic foraminifera
"208-1262C-14H-4,71-72",1.49,0.51,208.215,231.635,66.79202813,Barnet et al. (2017),benthic foraminifera
"208-1262C-14H-4,74-75",1.58,0.54,208.245,231.665,66.79350938,Barnet et al. (2017),benthic foraminifera
"208-1262C-14H-4,77-78",1.60,0.48,208.275,231.695,66.79499063,Barnet et al. (2017),benthic foraminifera
"208-1262C-14H-4,80-81",1.63,0.54,208.305,231.725,66.79647188,Barnet et al. (2017),benthic foraminifera
"208-1262C-14H-4,83-84",1.65,0.53,208.335,231.755,66.79795313,Barnet et al. (2017),benthic foraminifera
"208-1262C-14H-4,86-87",1.55,0.50,208.365,231.785,66.79943438,Barnet et al. (2017),benthic foraminifera
"208-1262C-14H-4,92-93",1.67,0.57,208.425,231.845,66.80239688,Barnet et al. (2017),benthic foraminifera
"208-1262C-14H-4,95-96",1.61,0.60,208.455,231.875,66.80387813,Barnet et al. (2017),benthic foraminifera
"208-1262C-14H-4,98-99",1.66,0.60,208.485,231.905,66.80535938,Barnet et al. (2017),benthic foraminifera
"208-1262C-14H-4,101-102",1.58,0.59,208.515,231.935,66.80684063,Barnet et al. (2017),benthic foraminifera
"208-1262C-14H-4,104-105",1.52,0.57,208.545,231.965,66.80832188,Barnet et al. (2017),benthic foraminifera
"208-1262C-14H-4,107-108",1.67,0.63,208.575,231.995,66.80980313,Barnet et al. (2017),benthic foraminifera
"208-1262C-14H-4,110-111",1.55,0.52,208.605,232.025,66.81128438,Barnet et al. (2017),benthic foraminifera
"208-1262C-14H-4,113-114",1.58,0.53,208.635,232.055,66.81276563,Barnet et al. (2017),benthic foraminifera
"208-1262C-14H-4,116-117",1.65,0.56,208.665,232.085,66.81432877,Barnet et al. (2017),benthic foraminifera
"208-1262C-14H-4,119-120",1.54,0.55,208.695,232.115,66.81630137,Barnet et al. (2017),benthic foraminifera
"208-1262C-14H-4,122-123",1.52,0.54,208.725,232.145,66.81827397,Barnet et al. (2017),benthic foraminifera
"208-1262C-14H-4,125-126",1.56,0.56,208.755,232.175,66.82024658,Barnet et al. (2017),benthic foraminifera
"208-1262C-14H-4,128-129",1.57,0.53,208.785,232.205,66.82221918,Barnet et al. (2017),benthic foraminifera
"208-1262C-14H-4,131-132",1.58,0.58,208.815,232.235,66.82419178,Barnet et al. (2017),benthic foraminifera
"208-1262C-14H-4,134-135",1.65,0.57,208.845,232.265,66.82616438,Barnet et al. (2017),benthic foraminifera
"208-1262C-14H-4,137-138",1.66,0.54,208.875,232.295,66.82813699,Barnet et al. (2017),benthic foraminifera
"208-1262C-14H-4,140-141",1.62,0.51,208.905,232.325,66.83010959,Barnet et al. (2017),benthic foraminifera
"208-1262C-14H-4,143-144",1.60,0.52,208.935,232.355,66.83208219,Barnet et al. (2017),benthic foraminifera
"208-1262C-14H-4,146-147",1.64,0.59,208.965,232.385,66.83405479,Barnet et al. (2017),benthic foraminifera
"208-1262C-14H-4,149-150",1.58,0.53,208.995,232.415,66.8360274,Barnet et al. (2017),benthic foraminifera
"208-1262C-14H-5,2-3",1.51,0.47,209.025,232.445,66.838,Barnet et al. (2017),benthic foraminifera
"208-1262C-14H-5,8-9",1.62,0.61,209.085,232.505,66.84194521,Barnet et al. (2017),benthic foraminifera
"208-1262C-14H-5,11-12",1.48,0.54,209.115,232.535,66.84391781,Barnet et al. (2017),benthic foraminifera
"208-1262C-14H-5,14-15",1.61,0.65,209.145,232.565,66.84589041,Barnet et al. (2017),benthic foraminifera
"208-1262C-14H-5,17-18",1.58,0.57,209.175,232.595,66.84786301,Barnet et al. (2017),benthic foraminifera
"208-1262C-14H-5,20-21",1.44,0.52,209.205,232.625,66.84983562,Barnet et al. (2017),benthic foraminifera
"208-1262C-14H-5,23-24",1.65,0.62,209.235,232.655,66.85180822,Barnet et al. (2017),benthic foraminifera
"208-1262C-14H-5,26-27",1.63,0.58,209.265,232.685,66.85378082,Barnet et al. (2017),benthic foraminifera
"208-1262C-14H-5,29-30",1.61,0.52,209.295,232.715,66.85575342,Barnet et al. (2017),benthic foraminifera
"208-1262C-14H-5,32-33",1.54,0.51,209.325,232.745,66.85772603,Barnet et al. (2017),benthic foraminifera
"208-1262C-14H-5,38-39",1.57,0.47,209.385,232.805,66.86167123,Barnet et al. (2017),benthic foraminifera
"208-1262C-14H-5,44-45",1.54,0.48,209.445,232.865,66.86561644,Barnet et al. (2017),benthic foraminifera
"208-1262C-14H-5,47-48",1.63,0.47,209.475,232.895,66.86758904,Barnet et al. (2017),benthic foraminifera
"208-1262C-14H-5,50-51",1.56,0.48,209.505,232.925,66.86956164,Barnet et al. (2017),benthic foraminifera
"208-1262C-14H-5,53-54",1.57,0.45,209.535,232.955,66.87153425,Barnet et al. (2017),benthic foraminifera
"208-1262C-14H-5,56-57",1.49,0.49,209.565,232.985,66.87350685,Barnet et al. (2017),benthic foraminifera
"208-1262C-14H-5,59-60",1.55,0.50,209.595,233.015,66.87547945,Barnet et al. (2017),benthic foraminifera
"208-1262C-14H-5,62-63",1.46,0.46,209.625,233.045,66.87745205,Barnet et al. (2017),benthic foraminifera
"208-1262C-14H-5,65-66",1.50,0.41,209.655,233.075,66.87942466,Barnet et al. (2017),benthic foraminifera
"208-1262C-14H-5,68-69",1.58,0.50,209.685,233.105,66.88139726,Barnet et al. (2017),benthic foraminifera
"208-1262C-14H-5,71-72",1.53,0.53,209.715,233.135,66.88336986,Barnet et al. (2017),benthic foraminifera
"208-1262C-14H-5,74-75",1.53,0.44,209.745,233.165,66.88534247,Barnet et al. (2017),benthic foraminifera
"208-1262C-14H-5,77-78",1.59,0.47,209.775,233.195,66.88731507,Barnet et al. (2017),benthic foraminifera
"208-1262C-14H-5,80-81",1.59,0.47,209.805,233.225,66.88928767,Barnet et al. (2017),benthic foraminifera
"208-1262C-14H-5,86-87",1.56,0.54,209.865,233.285,66.89323288,Barnet et al. (2017),benthic foraminifera
"208-1262C-14H-5,89-90",1.52,0.50,209.895,233.315,66.89520548,Barnet et al. (2017),benthic foraminifera
"208-1262C-14H-5,92-93",1.44,0.43,209.925,233.345,66.89717808,Barnet et al. (2017),benthic foraminifera
"208-1262C-14H-5,95-96",1.43,0.38,209.955,233.375,66.89915068,Barnet et al. (2017),benthic foraminifera
"208-1262C-14H-5,98-99",1.46,0.37,209.985,233.405,66.90112329,Barnet et al. (2017),benthic foraminifera
"208-1262C-14H-5,101-102",1.49,0.58,210.015,233.435,66.90309589,Barnet et al. (2017),benthic foraminifera
"208-1262C-14H-5,104-105",1.44,0.55,210.045,233.465,66.90506849,Barnet et al. (2017),benthic foraminifera
"208-1262C-14H-5,107-108",1.55,0.54,210.075,233.495,66.9070411,Barnet et al. (2017),benthic foraminifera
"208-1262C-14H-5,110-111",1.50,0.59,210.105,233.525,66.9090137,Barnet et al. (2017),benthic foraminifera
"208-1262C-14H-5,113-114",1.60,0.59,210.135,233.555,66.91093976,Barnet et al. (2017),benthic foraminifera
"208-1262C-14H-5,116-117",1.66,0.66,210.165,233.585,66.91281928,Barnet et al. (2017),benthic foraminifera
"208-1262C-14H-5,119-120",1.65,0.58,210.195,233.615,66.9146988,Barnet et al. (2017),benthic foraminifera
"208-1262C-14H-5,122-123",1.52,0.60,210.225,233.645,66.91657831,Barnet et al. (2017),benthic foraminifera
"208-1262C-14H-5,125-126",1.52,0.56,210.255,233.675,66.91845783,Barnet et al. (2017),benthic foraminifera
"208-1262C-14H-5,128-129",1.50,0.53,210.285,233.705,66.92033735,Barnet et al. (2017),benthic foraminifera
"208-1262C-14H-5,131-132",1.49,0.52,210.315,233.735,66.92221687,Barnet et al. (2017),benthic foraminifera
"208-1262C-14H-5,134-135",1.45,0.42,210.345,233.765,66.92409639,Barnet et al. (2017),benthic foraminifera
"208-1262C-14H-5,140-141",1.42,0.51,210.405,233.825,66.92785542,Barnet et al. (2017),benthic foraminifera
"208-1262C-14H-5,143-144",1.48,0.50,210.435,233.855,66.92973494,Barnet et al. (2017),benthic foraminifera
"208-1262C-14H-5,146-147",1.53,0.52,210.465,233.885,66.93161446,Barnet et al. (2017),benthic foraminifera
"208-1262C-14H-6,2-3",1.65,0.56,210.525,233.945,66.93537349,Barnet et al. (2017),benthic foraminifera
"208-1262C-14H-6,5-6",1.62,0.52,210.555,233.975,66.93725301,Barnet et al. (2017),benthic foraminifera
"208-1262C-14H-6,8-9",1.60,0.56,210.585,234.005,66.93913253,Barnet et al. (2017),benthic foraminifera
"208-1262C-14H-6,11-12",1.59,0.54,210.615,234.035,66.94101205,Barnet et al. (2017),benthic foraminifera
"208-1262C-14H-6,14-15",1.54,0.43,210.645,234.065,66.94289157,Barnet et al. (2017),benthic foraminifera
"208-1262C-14H-6,23-24",1.50,0.46,210.735,234.155,66.94853012,Barnet et al. (2017),benthic foraminifera
"208-1262C-14H-6,26-27",1.53,0.46,210.765,234.185,66.95040964,Barnet et al. (2017),benthic foraminifera
"208-1262C-14H-6,29-30",1.59,0.44,210.795,234.215,66.95228916,Barnet et al. (2017),benthic foraminifera
"208-1262C-14H-6,32-33",1.51,0.48,210.825,234.245,66.95416867,Barnet et al. (2017),benthic foraminifera
"208-1262C-14H-6,38-39",1.63,0.49,210.885,234.305,66.95792771,Barnet et al. (2017),benthic foraminifera
"208-1262C-14H-6,41-42",1.71,0.53,210.915,234.335,66.95980723,Barnet et al. (2017),benthic foraminifera
"208-1262C-14H-6,44-45",1.67,0.52,210.945,234.365,66.96168675,Barnet et al. (2017),benthic foraminifera
"208-1262C-14H-6,47-48",1.63,0.51,210.975,234.395,66.96356627,Barnet et al. (2017),benthic foraminifera
"208-1262C-14H-6,53-54",1.73,0.60,211.035,234.455,66.9673253,Barnet et al. (2017),benthic foraminifera
"208-1262C-14H-6,56-57",1.57,0.59,211.065,234.485,66.96920482,Barnet et al. (2017),benthic foraminifera
"208-1262C-14H-6,59-60",1.48,0.59,211.095,234.515,66.97108434,Barnet et al. (2017),benthic foraminifera
"208-1262C-14H-6,62-63",1.45,0.62,211.125,234.545,66.97296386,Barnet et al. (2017),benthic foraminifera
"208-1262C-14H-6,65-66",1.52,0.63,211.155,234.575,66.97484337,Barnet et al. (2017),benthic foraminifera
"208-1262C-14H-6,71-72",1.55,0.60,211.215,234.635,66.97860241,Barnet et al. (2017),benthic foraminifera
"208-1262C-14H-6,74-75",1.50,0.65,211.245,234.665,66.98048193,Barnet et al. (2017),benthic foraminifera
"208-1262C-14H-6,77-78",1.58,0.64,211.275,234.695,66.98236145,Barnet et al. (2017),benthic foraminifera
"208-1262C-14H-6,83-84",1.66,0.67,211.335,234.755,66.98612048,Barnet et al. (2017),benthic foraminifera
"208-1262C-14H-6,89-90",1.44,0.54,211.395,234.815,66.98987952,Barnet et al. (2017),benthic foraminifera
"208-1262C-14H-6,92-93",1.44,0.55,211.425,234.845,66.99175904,Barnet et al. (2017),benthic foraminifera
"208-1262C-14H-6,95-96",1.48,0.56,211.455,234.875,66.99363855,Barnet et al. (2017),benthic foraminifera
"208-1262C-14H-6,101-102",1.51,0.46,211.515,234.935,66.99739759,Barnet et al. (2017),benthic foraminifera
"208-1262C-14H-6,107-108",1.56,0.53,211.575,234.995,67.00115663,Barnet et al. (2017),benthic foraminifera
"208-1262C-14H-6,110-111",1.60,0.53,211.605,235.025,67.00303614,Barnet et al. (2017),benthic foraminifera
"208-1262C-14H-6,113-114",1.58,0.59,211.635,235.055,67.00491566,Barnet et al. (2017),benthic foraminifera
"208-1262C-14H-6,119-120",1.38,0.55,211.695,235.115,67.0086747,Barnet et al. (2017),benthic foraminifera
"208-1262C-14H-6,122-123",1.42,0.54,211.725,235.145,67.01055422,Barnet et al. (2017),benthic foraminifera
"208-1262C-14H-6,125-126",1.37,0.47,211.755,235.175,67.01243373,Barnet et al. (2017),benthic foraminifera
,2.16,-0.13,,211.660,65.007366,"Woelders et al., 2017",bulk carbonate
,2.01,-0.40,,211.690,65.014902,"Woelders et al., 2017",bulk carbonate
,2.14,-0.08,,211.750,65.029976,"Woelders et al., 2017",bulk carbonate
,2.07,-0.25,,211.780,65.036565,"Woelders et al., 2017",bulk carbonate
,1.86,-0.25,,211.810,65.041258,"Woelders et al., 2017",bulk carbonate
,1.83,-0.29,,211.840,65.045952,"Woelders et al., 2017",bulk carbonate
,2.04,-0.06,,211.870,65.050645,"Woelders et al., 2017",bulk carbonate
,2.01,-0.15,,211.900,65.055339,"Woelders et al., 2017",bulk carbonate
,2.09,-0.06,,211.930,65.060032,"Woelders et al., 2017",bulk carbonate
,1.98,-0.16,,211.940,65.061597,"Woelders et al., 2017",bulk carbonate
,2.01,-0.27,,212.000,65.070984,"Woelders et al., 2017",bulk carbonate
,2.02,-0.31,,212.030,65.075677,"Woelders et al., 2017",bulk carbonate
,2.01,-0.35,,212.060,65.080371,"Woelders et al., 2017",bulk carbonate
,2.12,-0.37,,212.090,65.085065,"Woelders et al., 2017",bulk carbonate
,2.14,-0.30,,212.120,65.089758,"Woelders et al., 2017",bulk carbonate
,1.94,-0.36,,212.150,65.094452,"Woelders et al., 2017",bulk carbonate
,2.02,-0.27,,212.180,65.099145,"Woelders et al., 2017",bulk carbonate
,2.09,-0.19,,212.210,65.103839,"Woelders et al., 2017",bulk carbonate
,2.04,-0.22,,212.240,65.108532,"Woelders et al., 2017",bulk carbonate
,1.95,-0.13,,212.270,65.113226,"Woelders et al., 2017",bulk carbonate
,1.87,-0.47,,212.300,65.117919,"Woelders et al., 2017",bulk carbonate
,2.00,-0.44,,212.330,65.122613,"Woelders et al., 2017",bulk carbonate
,1.81,-0.48,,212.360,65.127306,"Woelders et al., 2017",bulk carbonate
,1.99,-0.39,,212.390,65.132,"Woelders et al., 2017",bulk carbonate
,2.05,-0.39,,212.420,65.136227,"Woelders et al., 2017",bulk carbonate
,1.88,-0.38,,212.450,65.140455,"Woelders et al., 2017",bulk carbonate
,1.76,-0.43,,212.510,65.148909,"Woelders et al., 2017",bulk carbonate
,1.82,-0.38,,212.540,65.153136,"Woelders et al., 2017",bulk carbonate
,1.90,-0.31,,212.570,65.157364,"Woelders et al., 2017",bulk carbonate
,1.84,-0.36,,212.600,65.161591,"Woelders et al., 2017",bulk carbonate
,1.80,-0.47,,212.630,65.165818,"Woelders et al., 2017",bulk carbonate
,1.84,-0.34,,212.660,65.170045,"Woelders et al., 2017",bulk carbonate
,1.92,-0.31,,212.690,65.174273,"Woelders et al., 2017",bulk carbonate
,1.73,-0.38,,212.720,65.1785,"Woelders et al., 2017",bulk carbonate
,1.78,-0.46,,212.750,65.182727,"Woelders et al., 2017",bulk carbonate
,1.67,-0.54,,212.780,65.186955,"Woelders et al., 2017",bulk carbonate
,1.75,-0.53,,212.810,65.191182,"Woelders et al., 2017",bulk carbonate
,1.63,-0.78,,212.840,65.195409,"Woelders et al., 2017",bulk carbonate
,1.59,-0.55,,212.870,65.199636,"Woelders et al., 2017",bulk carbonate
,1.71,-0.47,,212.910,65.205273,"Woelders et al., 2017",bulk carbonate
,1.61,-0.43,,212.940,65.2095,"Woelders et al., 2017",bulk carbonate
,1.42,-0.71,,213.090,65.241,"Woelders et al., 2017",bulk carbonate
,1.43,-0.69,,213.120,65.253,"Woelders et al., 2017",bulk carbonate
,1.70,-0.58,,213.150,65.265,"Woelders et al., 2017",bulk carbonate
,1.64,-0.55,,213.180,65.277,"Woelders et al., 2017",bulk carbonate
,1.84,-0.43,,213.210,65.289,"Woelders et al., 2017",bulk carbonate
,1.56,-0.50,,213.240,65.301,"Woelders et al., 2017",bulk carbonate
,1.29,-0.65,,213.270,65.313,"Woelders et al., 2017",bulk carbonate
,1.26,-0.60,,213.300,65.325,"Woelders et al., 2017",bulk carbonate
,1.26,-0.69,,213.360,65.33775,"Woelders et al., 2017",bulk carbonate
,1.49,-0.44,,213.390,65.343,"Woelders et al., 2017",bulk carbonate
,1.45,-0.69,,213.420,65.34825,"Woelders et al., 2017",bulk carbonate
,1.48,-0.59,,213.450,65.3535,"Woelders et al., 2017",bulk carbonate
,1.41,-0.62,,213.480,65.35875,"Woelders et al., 2017",bulk carbonate
,1.35,-0.92,,213.510,65.364,"Woelders et al., 2017",bulk carbonate
,1.55,-0.33,,213.540,65.36925,"Woelders et al., 2017",bulk carbonate
,1.56,-0.36,,213.570,65.3745,"Woelders et al., 2017",bulk carbonate
,1.65,-0.30,,213.600,65.37975,"Woelders et al., 2017",bulk carbonate
,1.55,-0.35,,213.630,65.385,"Woelders et al., 2017",bulk carbonate
,1.56,-0.39,,213.670,65.392,"Woelders et al., 2017",bulk carbonate
,1.48,-0.49,,213.700,65.39725,"Woelders et al., 2017",bulk carbonate
,1.41,-0.48,,213.730,65.4025,"Woelders et al., 2017",bulk carbonate
,1.46,-0.43,,213.760,65.40775,"Woelders et al., 2017",bulk carbonate
,1.38,-0.39,,213.790,65.413,"Woelders et al., 2017",bulk carbonate
,1.43,-0.54,,213.820,65.41825,"Woelders et al., 2017",bulk carbonate
,1.26,-0.47,,213.850,65.4235,"Woelders et al., 2017",bulk carbonate
,1.24,-0.45,,213.880,65.42875,"Woelders et al., 2017",bulk carbonate
,1.16,-0.60,,213.910,65.434,"Woelders et al., 2017",bulk carbonate
,1.32,-0.36,,213.940,65.440065,"Woelders et al., 2017",bulk carbonate
,1.31,-0.52,,213.970,65.44613,"Woelders et al., 2017",bulk carbonate
,1.39,-0.42,,214.000,65.452196,"Woelders et al., 2017",bulk carbonate
,1.39,-0.35,,214.030,65.458261,"Woelders et al., 2017",bulk carbonate
,1.35,-0.31,,214.060,65.464326,"Woelders et al., 2017",bulk carbonate
,1.47,-0.23,,214.090,65.470391,"Woelders et al., 2017",bulk carbonate
,1.56,-0.26,,214.120,65.476457,"Woelders et al., 2017",bulk carbonate
,1.46,-0.25,,214.150,65.482522,"Woelders et al., 2017",bulk carbonate
,1.46,-0.18,,214.180,65.488587,"Woelders et al., 2017",bulk carbonate
,1.45,-0.23,,214.210,65.494652,"Woelders et al., 2017",bulk carbonate
,1.49,-0.13,,214.240,65.500717,"Woelders et al., 2017",bulk carbonate
,1.47,-0.21,,214.270,65.506783,"Woelders et al., 2017",bulk carbonate
,1.51,-0.11,,214.300,65.512848,"Woelders et al., 2017",bulk carbonate
,1.52,-0.05,,214.330,65.518913,"Woelders et al., 2017",bulk carbonate
,1.56,-0.23,,214.360,65.524978,"Woelders et al., 2017",bulk carbonate
,1.52,-0.06,,214.390,65.530524,"Woelders et al., 2017",bulk carbonate
,1.58,0.00,,214.420,65.53581,"Woelders et al., 2017",bulk carbonate
,1.55,0.01,,214.450,65.541095,"Woelders et al., 2017",bulk carbonate
,1.62,-0.01,,214.480,65.546381,"Woelders et al., 2017",bulk carbonate
,1.62,0.05,,214.510,65.551667,"Woelders et al., 2017",bulk carbonate
,1.58,0.05,,214.540,65.556952,"Woelders et al., 2017",bulk carbonate
,1.57,0.01,,214.570,65.562238,"Woelders et al., 2017",bulk carbonate
,1.49,0.00,,214.600,65.567524,"Woelders et al., 2017",bulk carbonate
,1.55,-0.06,,214.630,65.57281,"Woelders et al., 2017",bulk carbonate
,1.47,-0.43,,214.635,65.57369,"Woelders et al., 2017",bulk carbonate
,1.41,-0.44,,214.643,65.575159,"Woelders et al., 2017",bulk carbonate
,1.40,-0.38,,214.652,65.576627,"Woelders et al., 2017",bulk carbonate
,1.34,-0.21,,214.660,65.578095,"Woelders et al., 2017",bulk carbonate
,1.34,-0.27,,214.668,65.579563,"Woelders et al., 2017",bulk carbonate
,1.40,-0.15,,214.677,65.581032,"Woelders et al., 2017",bulk carbonate
,1.34,-0.13,,214.685,65.5825,"Woelders et al., 2017",bulk carbonate
,1.37,-0.07,,214.693,65.583968,"Woelders et al., 2017",bulk carbonate
,1.25,-0.17,,214.702,65.585437,"Woelders et al., 2017",bulk carbonate
,1.36,-0.19,,214.710,65.586905,"Woelders et al., 2017",bulk carbonate
,1.28,-0.14,,214.718,65.588373,"Woelders et al., 2017",bulk carbonate
,1.26,-0.24,,214.727,65.589841,"Woelders et al., 2017",bulk carbonate
,1.11,-0.33,,214.735,65.59131,"Woelders et al., 2017",bulk carbonate
,1.20,-0.25,,214.743,65.592778,"Woelders et al., 2017",bulk carbonate
,1.26,-0.21,,214.752,65.594246,"Woelders et al., 2017",bulk carbonate
,1.21,-0.13,,214.760,65.595714,"Woelders et al., 2017",bulk carbonate
,1.33,0.06,,214.768,65.597182,"Woelders et al., 2017",bulk carbonate
,1.28,0.01,,214.777,65.598651,"Woelders et al., 2017",bulk carbonate
,1.10,-0.15,,214.785,65.600119,"Woelders et al., 2017",bulk carbonate
,1.36,0.17,,214.793,65.601841,"Woelders et al., 2017",bulk carbonate
,1.24,0.03,,214.802,65.603945,"Woelders et al., 2017",bulk carbonate
,1.02,-0.15,,214.810,65.606048,"Woelders et al., 2017",bulk carbonate
,1.23,-0.01,,214.822,65.60896,"Woelders et al., 2017",bulk carbonate
,1.10,-0.24,,214.833,65.611872,"Woelders et al., 2017",bulk carbonate
,1.31,0.09,,214.845,65.614784,"Woelders et al., 2017",bulk carbonate
,1.31,0.08,,214.856,65.617696,"Woelders et al., 2017",bulk carbonate
,1.11,-0.16,,214.868,65.620608,"Woelders et al., 2017",bulk carbonate
,1.23,-0.11,,214.879,65.62352,"Woelders et al., 2017",bulk carbonate
,1.48,0.10,,214.891,65.626432,"Woelders et al., 2017",bulk carbonate
,1.33,-0.01,,214.902,65.629344,"Woelders et al., 2017",bulk carbonate
,1.40,0.04,,214.914,65.632256,"Woelders et al., 2017",bulk carbonate
,1.36,-0.03,,214.925,65.635169,"Woelders et al., 2017",bulk carbonate
,1.28,-0.17,,214.937,65.638081,"Woelders et al., 2017",bulk carbonate
,1.49,-0.03,,214.948,65.640993,"Woelders et al., 2017",bulk carbonate
,1.42,0.17,,214.960,65.643905,"Woelders et al., 2017",bulk carbonate
,1.65,0.37,,214.968,65.645938,"Woelders et al., 2017",bulk carbonate
,1.45,0.06,,214.976,65.647971,"Woelders et al., 2017",bulk carbonate
,1.25,-0.10,,214.984,65.650004,"Woelders et al., 2017",bulk carbonate
,1.26,-0.14,,214.992,65.652037,"Woelders et al., 2017",bulk carbonate
,1.43,-0.04,,215.000,65.65407,"Woelders et al., 2017",bulk carbonate
,1.30,-0.18,,215.008,65.656103,"Woelders et al., 2017",bulk carbonate
,1.29,0.00,,215.016,65.658136,"Woelders et al., 2017",bulk carbonate
,1.33,-0.01,,215.024,65.660169,"Woelders et al., 2017",bulk carbonate
,1.42,0.19,,215.033,65.662202,"Woelders et al., 2017",bulk carbonate
,1.17,-0.23,,215.041,65.664236,"Woelders et al., 2017",bulk carbonate
,1.34,-0.25,,215.049,65.666268,"Woelders et al., 2017",bulk carbonate
,1.31,-0.46,,215.057,65.668302,"Woelders et al., 2017",bulk carbonate
,1.16,-0.30,,215.065,65.670335,"Woelders et al., 2017",bulk carbonate
,1.13,-0.40,,215.073,65.672368,"Woelders et al., 2017",bulk carbonate
,1.26,-0.23,,215.081,65.674401,"Woelders et al., 2017",bulk carbonate
,1.15,-0.42,,215.089,65.676434,"Woelders et al., 2017",bulk carbonate
,1.16,-0.35,,215.097,65.678467,"Woelders et al., 2017",bulk carbonate
,1.19,-0.32,,215.105,65.6805,"Woelders et al., 2017",bulk carbonate
,1.16,-0.29,,215.113,65.682533,"Woelders et al., 2017",bulk carbonate
,1.14,-0.31,,215.121,65.684566,"Woelders et al., 2017",bulk carbonate
,1.22,-0.36,,215.129,65.686599,"Woelders et al., 2017",bulk carbonate
,1.10,-0.35,,215.137,65.688632,"Woelders et al., 2017",bulk carbonate
,0.94,-0.45,,215.145,65.690665,"Woelders et al., 2017",bulk carbonate
,0.97,-0.43,,215.153,65.692698,"Woelders et al., 2017",bulk carbonate
,0.96,-0.46,,215.161,65.694732,"Woelders et al., 2017",bulk carbonate
,1.13,-0.29,,215.169,65.696764,"Woelders et al., 2017",bulk carbonate
,0.77,-0.52,,215.178,65.698798,"Woelders et al., 2017",bulk carbonate
,0.69,-0.50,,215.186,65.700831,"Woelders et al., 2017",bulk carbonate
,1.07,-0.27,,215.194,65.702864,"Woelders et al., 2017",bulk carbonate
,1.13,-0.09,,215.202,65.704897,"Woelders et al., 2017",bulk carbonate
,0.75,-0.64,,215.210,65.70693,"Woelders et al., 2017",bulk carbonate
,0.95,-0.48,,215.218,65.710267,"Woelders et al., 2017",bulk carbonate
,0.89,-0.64,,215.226,65.71365,"Woelders et al., 2017",bulk carbonate
,1.05,-0.28,,215.234,65.717033,"Woelders et al., 2017",bulk carbonate
,0.94,-0.01,,215.242,65.720416,"Woelders et al., 2017",bulk carbonate
,0.95,-0.51,,215.250,65.7238,"Woelders et al., 2017",bulk carbonate
,0.94,-0.28,,215.260,65.728,"Woelders et al., 2017",bulk carbonate
,1.30,-0.09,,215.270,65.7322,"Woelders et al., 2017",bulk carbonate
,0.98,-0.27,,215.280,65.7364,"Woelders et al., 2017",bulk carbonate
,0.99,-0.34,,215.290,65.7406,"Woelders et al., 2017",bulk carbonate
,1.07,-0.33,,215.300,65.7448,"Woelders et al., 2017",bulk carbonate
,1.02,-0.64,,215.310,65.749,"Woelders et al., 2017",bulk carbonate
,1.12,0.10,,215.320,65.7532,"Woelders et al., 2017",bulk carbonate
,1.06,-0.65,,215.330,65.7574,"Woelders et al., 2017",bulk carbonate
,1.10,-0.33,,215.340,65.7616,"Woelders et al., 2017",bulk carbonate
,1.01,-0.46,,215.350,65.7658,"Woelders et al., 2017",bulk carbonate
,1.00,-0.40,,215.360,65.77,"Woelders et al., 2017",bulk carbonate
,1.05,-0.55,,215.370,65.7742,"Woelders et al., 2017",bulk carbonate
,1.00,-0.35,,215.380,65.7784,"Woelders et al., 2017",bulk carbonate
,1.10,-0.32,,215.390,65.7826,"Woelders et al., 2017",bulk carbonate
,0.90,-0.34,,215.400,65.7868,"Woelders et al., 2017",bulk carbonate
,0.89,-0.46,,215.410,65.791,"Woelders et al., 2017",bulk carbonate
,0.91,-0.16,,215.420,65.7952,"Woelders et al., 2017",bulk carbonate
,0.59,-0.16,,215.430,65.7994,"Woelders et al., 2017",bulk carbonate
,0.97,0.33,,215.440,65.8036,"Woelders et al., 2017",bulk carbonate
,0.86,0.27,,215.450,65.8078,"Woelders et al., 2017",bulk carbonate
,0.83,0.02,,215.460,65.812,"Woelders et al., 2017",bulk carbonate
,0.60,-0.07,,215.470,65.81425,"Woelders et al., 2017",bulk carbonate
,0.74,-0.17,,215.480,65.8165,"Woelders et al., 2017",bulk carbonate
,0.58,-0.10,,215.490,65.81875,"Woelders et al., 2017",bulk carbonate
,0.69,-0.40,,215.500,65.821,"Woelders et al., 2017",bulk carbonate
,0.73,-0.13,,215.510,65.82325,"Woelders et al., 2017",bulk carbonate
,0.72,-0.22,,215.520,65.8255,"Woelders et al., 2017",bulk carbonate
,1.05,-0.28,,215.530,65.82775,"Woelders et al., 2017",bulk carbonate
,0.94,-0.75,,215.540,65.83,"Woelders et al., 2017",bulk carbonate
,1.21,-0.39,,215.550,65.83225,"Woelders et al., 2017",bulk carbonate
,1.09,-0.58,,215.560,65.8345,"Woelders et al., 2017",bulk carbonate
,1.02,-0.87,,215.570,65.83675,"Woelders et al., 2017",bulk carbonate
,1.13,-0.69,,215.580,65.839,"Woelders et al., 2017",bulk carbonate
,1.18,-0.71,,215.590,65.84125,"Woelders et al., 2017",bulk carbonate
,1.25,-0.41,,215.600,65.8435,"Woelders et al., 2017",bulk carbonate
,1.32,-0.50,,215.610,65.84575,"Woelders et al., 2017",bulk carbonate
,1.41,-0.39,,215.620,65.848,"Woelders et al., 2017",bulk carbonate
,1.20,-0.47,,215.630,65.85025,"Woelders et al., 2017",bulk carbonate
,1.27,-0.48,,215.640,65.8525,"Woelders et al., 2017",bulk carbonate
,1.30,-0.52,,215.650,65.85475,"Woelders et al., 2017",bulk carbonate
,1.26,-0.52,,215.660,65.857,"Woelders et al., 2017",bulk carbonate
,1.40,-0.38,,215.670,65.85925,"Woelders et al., 2017",bulk carbonate
,1.39,-0.43,,215.690,65.86375,"Woelders et al., 2017",bulk carbonate
,1.47,-0.33,,215.700,65.866,"Woelders et al., 2017",bulk carbonate
,1.40,-0.40,,215.710,65.86825,"Woelders et al., 2017",bulk carbonate
,1.51,-0.13,,215.720,65.8705,"Woelders et al., 2017",bulk carbonate
,1.47,-0.35,,215.730,65.87275,"Woelders et al., 2017",bulk carbonate
,1.50,-0.22,,215.740,65.875,"Woelders et al., 2017",bulk carbonate
,1.51,-0.20,,215.750,65.87725,"Woelders et al., 2017",bulk carbonate
,1.55,-0.19,,215.760,65.8795,"Woelders et al., 2017",bulk carbonate
,1.48,-0.43,,215.770,65.88175,"Woelders et al., 2017",bulk carbonate
,1.57,-0.15,,215.780,65.884,"Woelders et al., 2017",bulk carbonate
,1.55,-0.32,,215.790,65.88625,"Woelders et al., 2017",bulk carbonate
,1.57,-0.35,,215.800,65.8885,"Woelders et al., 2017",bulk carbonate
,1.55,-0.25,,215.810,65.89075,"Woelders et al., 2017",bulk carbonate
,1.58,-0.23,,215.820,65.893,"Woelders et al., 2017",bulk carbonate
,1.46,-0.31,,215.830,65.89525,"Woelders et al., 2017",bulk carbonate
,1.50,-0.36,,215.840,65.8975,"Woelders et al., 2017",bulk carbonate
,1.54,-0.34,,215.850,65.89975,"Woelders et al., 2017",bulk carbonate
,1.55,-0.33,,215.860,65.902,"Woelders et al., 2017",bulk carbonate
,1.67,-0.39,,215.870,65.90425,"Woelders et al., 2017",bulk carbonate
,1.52,-0.41,,215.880,65.9065,"Woelders et al., 2017",bulk carbonate
,1.60,-0.35,,215.890,65.90875,"Woelders et al., 2017",bulk carbonate
,1.59,-0.23,,215.900,65.911,"Woelders et al., 2017",bulk carbonate
,1.52,-0.40,,215.910,65.913184,"Woelders et al., 2017",bulk carbonate
,1.54,-0.32,,215.920,65.915368,"Woelders et al., 2017",bulk carbonate
,1.41,-0.29,,215.930,65.917553,"Woelders et al., 2017",bulk carbonate
,1.46,-0.37,,215.940,65.919737,"Woelders et al., 2017",bulk carbonate
,1.56,-0.36,,215.950,65.921921,"Woelders et al., 2017",bulk carbonate
,1.47,-0.13,,215.960,65.924105,"Woelders et al., 2017",bulk carbonate
,1.63,-0.52,,215.970,65.926289,"Woelders et al., 2017",bulk carbonate
,1.50,-0.41,,215.980,65.928474,"Woelders et al., 2017",bulk carbonate
,1.60,-0.42,,215.990,65.930658,"Woelders et al., 2017",bulk carbonate
,1.71,0.12,,216.000,65.932842,"Woelders et al., 2017",bulk carbonate
,1.66,-0.12,,216.010,65.935026,"Woelders et al., 2017",bulk carbonate
,1.69,-0.03,,216.020,65.937211,"Woelders et al., 2017",bulk carbonate
,1.97,0.54,,216.040,65.941579,"Woelders et al., 2017",bulk carbonate
,1.82,0.36,,216.050,65.943763,"Woelders et al., 2017",bulk carbonate
,1.86,0.21,,216.060,65.945947,"Woelders et al., 2017",bulk carbonate
,1.96,0.49,,216.090,65.9525,"Woelders et al., 2017",bulk carbonate
,1.86,0.22,,216.100,65.954684,"Woelders et al., 2017",bulk carbonate
,1.85,0.14,,216.110,65.956868,"Woelders et al., 2017",bulk carbonate
,1.73,0.19,,216.140,65.963421,"Woelders et al., 2017",bulk carbonate
,1.74,0.12,,216.150,65.965605,"Woelders et al., 2017",bulk carbonate
,2.08,0.45,,216.160,65.967789,"Woelders et al., 2017",bulk carbonate
,1.88,0.27,,216.170,65.969974,"Woelders et al., 2017",bulk carbonate
,2.00,0.50,,216.180,65.972158,"Woelders et al., 2017",bulk carbonate
,2.01,0.61,,216.190,65.974342,"Woelders et al., 2017",bulk carbonate
,2.00,0.60,,216.200,65.976526,"Woelders et al., 2017",bulk carbonate
,1.92,0.60,,216.210,65.978711,"Woelders et al., 2017",bulk carbonate
,1.96,0.51,,216.220,65.980895,"Woelders et al., 2017",bulk carbonate
,2.03,0.69,,216.230,65.983079,"Woelders et al., 2017",bulk carbonate
,2.03,0.70,,216.240,65.985263,"Woelders et al., 2017",bulk carbonate
,1.84,0.21,,216.250,65.987447,"Woelders et al., 2017",bulk carbonate
,1.99,0.62,,216.260,65.989632,"Woelders et al., 2017",bulk carbonate
,1.90,0.37,,216.270,65.991816,"Woelders et al., 2017",bulk carbonate
,2.09,0.68,,216.280,65.994,"Woelders et al., 2017",bulk carbonate
,2.01,0.52,,216.290,65.994651,"Woelders et al., 2017",bulk carbonate
,1.96,0.32,,216.300,65.995302,"Woelders et al., 2017",bulk carbonate
,2.06,0.63,,216.310,65.995953,"Woelders et al., 2017",bulk carbonate
,1.92,0.29,,216.320,65.996605,"Woelders et al., 2017",bulk carbonate
,2.03,0.35,,216.330,65.997256,"Woelders et al., 2017",bulk carbonate
,2.05,0.66,,216.340,65.997907,"Woelders et al., 2017",bulk carbonate
,2.12,0.49,,216.350,65.998558,"Woelders et al., 2017",bulk carbonate
,2.25,0.89,,216.360,65.999209,"Woelders et al., 2017",bulk carbonate
,2.27,0.66,,216.370,65.99986,"Woelders et al., 2017",bulk carbonate
,2.38,0.89,,216.380,66.000512,"Woelders et al., 2017",bulk carbonate
,2.13,0.49,,216.390,66.001163,"Woelders et al., 2017",bulk carbonate
,2.23,0.81,,216.400,66.001814,"Woelders et al., 2017",bulk carbonate
,2.26,0.66,,216.410,66.002465,"Woelders et al., 2017",bulk carbonate
,2.28,0.86,,216.420,66.003116,"Woelders et al., 2017",bulk carbonate
,2.15,0.69,,216.430,66.003767,"Woelders et al., 2017",bulk carbonate
,2.21,1.09,,216.440,66.004419,"Woelders et al., 2017",bulk carbonate
,2.44,0.69,,216.460,66.005721,"Woelders et al., 2017",bulk carbonate
,2.36,0.71,,216.470,66.006372,"Woelders et al., 2017",bulk carbonate
,2.29,0.58,,216.480,66.007023,"Woelders et al., 2017",bulk carbonate
,2.42,0.88,,216.490,66.007674,"Woelders et al., 2017",bulk carbonate
,2.26,0.71,,216.500,66.008326,"Woelders et al., 2017",bulk carbonate
,2.40,0.74,,216.510,66.008977,"Woelders et al., 2017",bulk carbonate
,2.39,0.60,,216.520,66.009628,"Woelders et al., 2017",bulk carbonate
,2.42,0.82,,216.530,66.010279,"Woelders et al., 2017",bulk carbonate
,2.35,0.79,,216.540,66.01093,"Woelders et al., 2017",bulk carbonate
,2.32,0.59,,216.550,66.011581,"Woelders et al., 2017",bulk carbonate
,2.29,0.66,,216.560,66.012233,"Woelders et al., 2017",bulk carbonate
,2.45,0.58,,216.570,66.012884,"Woelders et al., 2017",bulk carbonate
,2.43,0.83,,216.580,66.013535,"Woelders et al., 2017",bulk carbonate
,2.37,0.42,,216.600,66.014837,"Woelders et al., 2017",bulk carbonate
,2.40,0.77,,216.610,66.015488,"Woelders et al., 2017",bulk carbonate
,2.50,0.67,,216.620,66.01614,"Woelders et al., 2017",bulk carbonate
,2.22,0.16,,216.630,66.016791,"Woelders et al., 2017",bulk carbonate
,2.32,0.41,,216.640,66.017442,"Woelders et al., 2017",bulk carbonate
,2.20,-0.09,,216.650,66.018093,"Woelders et al., 2017",bulk carbonate
,2.19,0.13,,216.660,66.018744,"Woelders et al., 2017",bulk carbonate
,2.24,-0.25,,216.670,66.019395,"Woelders et al., 2017",bulk carbonate
,2.26,-0.49,,216.680,66.020047,"Woelders et al., 2017",bulk carbonate
,2.39,-0.30,,216.690,66.020698,"Woelders et al., 2017",bulk carbonate
,2.52,-0.43,,216.700,66.021349,"Woelders et al., 2017",bulk carbonate
,2.86,-0.16,,216.720,66.022438,"Woelders et al., 2017",bulk carbonate
,3.08,0.02,,216.730,66.022876,"Woelders et al., 2017",bulk carbonate
,3.35,-0.07,,216.750,66.023751,"Woelders et al., 2017",bulk carbonate
,3.19,-0.03,,216.760,66.024189,"Woelders et al., 2017",bulk carbonate
,3.37,0.03,,216.770,66.024627,"Woelders et al., 2017",bulk carbonate
,3.30,-0.04,,216.780,66.025065,"Woelders et al., 2017",bulk carbonate
,3.25,-0.20,,216.790,66.025503,"Woelders et al., 2017",bulk carbonate
,3.28,0.10,,216.800,66.025941,"Woelders et al., 2017",bulk carbonate
,3.28,0.00,,216.810,66.026379,"Woelders et al., 2017",bulk carbonate
,3.39,0.14,,216.820,66.026817,"Woelders et al., 2017",bulk carbonate
,3.38,0.08,,216.830,66.027254,"Woelders et al., 2017",bulk carbonate
,3.30,-0.19,,216.840,66.027692,"Woelders et al., 2017",bulk carbonate
,3.26,-0.16,,216.870,66.029006,"Woelders et al., 2017",bulk carbonate
,3.43,0.19,,216.900,66.03032,"Woelders et al., 2017",bulk carbonate
,3.28,-0.07,,216.930,66.031633,"Woelders et al., 2017",bulk carbonate
,3.35,0.04,,216.960,66.032947,"Woelders et al., 2017",bulk carbonate
,3.37,0.07,,216.990,66.03426,"Woelders et al., 2017",bulk carbonate
,3.29,0.02,,217.020,66.035574,"Woelders et al., 2017",bulk carbonate
,3.38,0.12,,217.050,66.036888,"Woelders et al., 2017",bulk carbonate
,3.37,0.23,,217.080,66.038201,"Woelders et al., 2017",bulk carbonate
,3.29,0.12,,217.110,66.039515,"Woelders et al., 2017",bulk carbonate
,3.21,0.09,,217.140,66.040828,"Woelders et al., 2017",bulk carbonate
,3.29,0.15,,217.170,66.042142,"Woelders et al., 2017",bulk carbonate
,3.08,-0.11,,217.200,66.043456,"Woelders et al., 2017",bulk carbonate
,3.12,0.11,,217.260,66.046083,"Woelders et al., 2017",bulk carbonate
,3.22,0.15,,217.290,66.047396,"Woelders et al., 2017",bulk carbonate
,3.17,0.06,,217.320,66.04871,"Woelders et al., 2017",bulk carbonate
,3.26,0.20,,217.350,66.050024,"Woelders et al., 2017",bulk carbonate
,3.14,0.12,,217.380,66.051337,"Woelders et al., 2017",bulk carbonate
,3.13,-0.14,,217.410,66.052651,"Woelders et al., 2017",bulk carbonate
,3.29,-0.04,,217.440,66.053964,"Woelders et al., 2017",bulk carbonate
,3.23,0.33,,217.470,66.055278,"Woelders et al., 2017",bulk carbonate
,3.10,0.06,,217.500,66.056592,"Woelders et al., 2017",bulk carbonate
,3.12,-0.17,,217.540,66.058343,"Woelders et al., 2017",bulk carbonate
,3.33,0.32,,217.570,66.059657,"Woelders et al., 2017",bulk carbonate
,3.04,0.05,,217.600,66.06097,"Woelders et al., 2017",bulk carbonate
,2.99,-0.14,,217.630,66.062284,"Woelders et al., 2017",bulk carbonate
,2.94,-0.17,,217.660,66.063598,"Woelders et al., 2017",bulk carbonate
,3.11,0.12,,217.690,66.064911,"Woelders et al., 2017",bulk carbonate
,3.28,0.42,,217.720,66.066225,"Woelders et al., 2017",bulk carbonate
,3.06,0.03,,217.750,66.067538,"Woelders et al., 2017",bulk carbonate
,3.11,0.09,,217.780,66.068852,"Woelders et al., 2017",bulk carbonate
,3.15,0.27,,217.810,66.070166,"Woelders et al., 2017",bulk carbonate
,3.19,0.33,,217.840,66.071479,"Woelders et al., 2017",bulk carbonate
,3.20,0.33,,217.870,66.072793,"Woelders et al., 2017",bulk carbonate
,3.17,0.31,,217.900,66.074107,"Woelders et al., 2017",bulk carbonate
,3.31,0.61,,217.930,66.07542,"Woelders et al., 2017",bulk carbonate
,3.29,0.61,,217.960,66.076734,"Woelders et al., 2017",bulk carbonate
,3.29,0.33,,217.990,66.078047,"Woelders et al., 2017",bulk carbonate
,3.09,0.24,,218.020,66.079361,"Woelders et al., 2017",bulk carbonate
,3.00,-0.02,,218.050,66.080675,"Woelders et al., 2017",bulk carbonate
,3.01,0.06,,218.080,66.081988,"Woelders et al., 2017",bulk carbonate
,2.84,-0.09,,218.110,66.083302,"Woelders et al., 2017",bulk carbonate
,3.12,0.24,,218.140,66.084615,"Woelders et al., 2017",bulk carbonate
,2.89,-0.28,,218.170,66.085929,"Woelders et al., 2017",bulk carbonate
,3.05,0.04,,218.200,66.087243,"Woelders et al., 2017",bulk carbonate
,2.96,-0.10,,218.230,66.088556,"Woelders et al., 2017",bulk carbonate
,2.86,-0.19,,218.260,66.08987,"Woelders et al., 2017",bulk carbonate
,2.97,0.14,,218.290,66.091183,"Woelders et al., 2017",bulk carbonate
,2.89,-0.08,,218.320,66.092497,"Woelders et al., 2017",bulk carbonate
,2.80,-0.34,,218.350,66.093811,"Woelders et al., 2017",bulk carbonate
,2.99,-0.38,,218.380,66.095124,"Woelders et al., 2017",bulk carbonate
,2.98,-0.15,,218.410,66.096486,"Woelders et al., 2017",bulk carbonate
,3.01,-0.23,,218.440,66.097945,"Woelders et al., 2017",bulk carbonate
,3.06,-0.22,,218.470,66.099405,"Woelders et al., 2017",bulk carbonate
,3.03,-0.26,,218.500,66.100864,"Woelders et al., 2017",bulk carbonate
,3.13,-0.04,,218.530,66.102323,"Woelders et al., 2017",bulk carbonate
,3.19,-0.24,,218.560,66.103782,"Woelders et al., 2017",bulk carbonate
,3.19,-0.18,,218.590,66.105241,"Woelders et al., 2017",bulk carbonate
,3.13,-0.21,,218.620,66.1067,"Woelders et al., 2017",bulk carbonate
,3.21,-0.08,,218.650,66.108159,"Woelders et al., 2017",bulk carbonate
,3.14,-0.14,,218.680,66.109618,"Woelders et al., 2017",bulk carbonate
,3.24,-0.01,,218.710,66.111077,"Woelders et al., 2017",bulk carbonate
,2.97,-0.26,,218.740,66.112536,"Woelders et al., 2017",bulk carbonate
,2.87,-0.21,,218.770,66.113995,"Woelders et al., 2017",bulk carbonate
,3.03,0.09,,218.800,66.115455,"Woelders et al., 2017",bulk carbonate
,3.13,0.08,,218.830,66.116914,"Woelders et al., 2017",bulk carbonate
,2.97,-0.26,,218.860,66.118373,"Woelders et al., 2017",bulk carbonate
,2.90,-0.30,,218.950,66.12275,"Woelders et al., 2017",bulk carbonate
,3.10,0.09,,218.980,66.124209,"Woelders et al., 2017",bulk carbonate
,2.98,-0.18,,219.010,66.125668,"Woelders et al., 2017",bulk carbonate
,3.15,0.03,,219.040,66.127127,"Woelders et al., 2017",bulk carbonate
,2.98,-0.23,,219.070,66.128586,"Woelders et al., 2017",bulk carbonate
,3.00,-0.19,,219.100,66.130045,"Woelders et al., 2017",bulk carbonate
,2.87,-0.11,,219.130,66.131505,"Woelders et al., 2017",bulk carbonate
,3.06,0.10,,219.160,66.132964,"Woelders et al., 2017",bulk carbonate
,2.94,-0.06,,219.190,66.134423,"Woelders et al., 2017",bulk carbonate
,3.01,-0.23,,219.220,66.135882,"Woelders et al., 2017",bulk carbonate
,2.99,-0.20,,219.250,66.137341,"Woelders et al., 2017",bulk carbonate
,2.87,-0.26,,219.280,66.1388,"Woelders et al., 2017",bulk carbonate
,2.84,-0.02,,219.310,66.140259,"Woelders et al., 2017",bulk carbonate
,2.93,-0.02,,219.340,66.141718,"Woelders et al., 2017",bulk carbonate
,2.79,-0.30,,219.370,66.143177,"Woelders et al., 2017",bulk carbonate
,2.82,-0.01,,219.400,66.144636,"Woelders et al., 2017",bulk carbonate
,2.84,-0.18,,219.430,66.146095,"Woelders et al., 2017",bulk carbonate
,2.77,-0.10,,219.460,66.147555,"Woelders et al., 2017",bulk carbonate
,2.87,0.03,,219.490,66.149014,"Woelders et al., 2017",bulk carbonate
,2.87,-0.23,,219.520,66.150473,"Woelders et al., 2017",bulk carbonate
,3.05,0.04,,219.550,66.151932,"Woelders et al., 2017",bulk carbonate
,2.87,-0.11,,219.580,66.153391,"Woelders et al., 2017",bulk carbonate
,3.13,0.21,,219.610,66.15485,"Woelders et al., 2017",bulk carbonate
,3.12,0.23,,219.640,66.156309,"Woelders et al., 2017",bulk carbonate
,2.97,-0.23,,219.670,66.157768,"Woelders et al., 2017",bulk carbonate
,3.30,,,219.700,66.159227,"Woelders et al., 2017",bulk carbonate
,2.91,-0.14,,219.730,66.160686,"Woelders et al., 2017",bulk carbonate
,3.11,-0.16,,219.760,66.162145,"Woelders et al., 2017",bulk carbonate
,2.82,-0.29,,219.790,66.163605,"Woelders et al., 2017",bulk carbonate
,2.92,-0.28,,219.820,66.165064,"Woelders et al., 2017",bulk carbonate
,2.96,-0.33,,219.850,66.166523,"Woelders et al., 2017",bulk carbonate
,2.74,-0.37,,219.880,66.167982,"Woelders et al., 2017",bulk carbonate
,2.79,-0.36,,219.910,66.169441,"Woelders et al., 2017",bulk carbonate
,2.85,-0.35,,219.970,66.172359,"Woelders et al., 2017",bulk carbonate
,2.82,-0.50,,220.000,66.173818,"Woelders et al., 2017",bulk carbonate
,2.90,-0.43,,220.030,66.175277,"Woelders et al., 2017",bulk carbonate
,2.87,-0.32,,220.060,66.176736,"Woelders et al., 2017",bulk carbonate
,2.84,-0.36,,220.120,66.179655,"Woelders et al., 2017",bulk carbonate
,2.78,-0.44,,220.150,66.181114,"Woelders et al., 2017",bulk carbonate
,2.85,-0.31,,220.180,66.182573,"Woelders et al., 2017",bulk carbonate
,2.80,-0.33,,220.210,66.184032,"Woelders et al., 2017",bulk carbonate
,2.84,-0.38,,220.240,66.185491,"Woelders et al., 2017",bulk carbonate
,2.85,-0.29,,220.270,66.18695,"Woelders et al., 2017",bulk carbonate
,2.82,-0.35,,220.300,66.188409,"Woelders et al., 2017",bulk carbonate
,2.74,-0.43,,220.330,66.189868,"Woelders et al., 2017",bulk carbonate
,2.84,-0.41,,220.360,66.191327,"Woelders et al., 2017",bulk carbonate
,2.84,-0.39,,220.390,66.192786,"Woelders et al., 2017",bulk carbonate
,2.99,-0.27,,220.420,66.194245,"Woelders et al., 2017",bulk carbonate
,2.79,-0.50,,220.450,66.195705,"Woelders et al., 2017",bulk carbonate
,2.83,-0.44,,220.480,66.197164,"Woelders et al., 2017",bulk carbonate
,2.78,-0.38,,220.510,66.198623,"Woelders et al., 2017",bulk carbonate
,2.67,-0.38,,220.540,66.200082,"Woelders et al., 2017",bulk carbonate
,2.77,-0.29,,220.570,66.201541,"Woelders et al., 2017",bulk carbonate
,2.81,-0.21,,220.600,66.203,"Woelders et al., 2017",bulk carbonate
,2.72,-0.44,,220.630,66.204543,"Woelders et al., 2017",bulk carbonate
,2.60,-0.50,,220.660,66.206086,"Woelders et al., 2017",bulk carbonate
,2.50,-0.78,,220.690,66.207629,"Woelders et al., 2017",bulk carbonate
,2.66,-0.75,,220.720,66.209171,"Woelders et al., 2017",bulk carbonate
,2.65,-0.73,,220.750,66.210714,"Woelders et al., 2017",bulk carbonate
,2.77,-0.66,,220.780,66.212257,"Woelders et al., 2017",bulk carbonate
,2.85,-0.66,,220.810,66.2138,"Woelders et al., 2017",bulk carbonate
,2.98,-0.57,,220.840,66.215343,"Woelders et al., 2017",bulk carbonate
,2.94,-0.51,,220.870,66.216886,"Woelders et al., 2017",bulk carbonate
,2.91,-0.52,,220.900,66.218429,"Woelders et al., 2017",bulk carbonate
,2.88,-0.54,,220.930,66.219971,"Woelders et al., 2017",bulk carbonate
,2.80,-0.47,,220.960,66.221514,"Woelders et al., 2017",bulk carbonate
,2.80,-0.54,,220.990,66.223057,"Woelders et al., 2017",bulk carbonate
,2.76,-0.44,,221.020,66.2246,"Woelders et al., 2017",bulk carbonate
,2.77,-0.39,,221.050,66.226143,"Woelders et al., 2017",bulk carbonate
,2.69,-0.55,,221.080,66.227686,"Woelders et al., 2017",bulk carbonate
,2.68,-0.48,,221.110,66.229229,"Woelders et al., 2017",bulk carbonate
,2.81,-0.50,,221.140,66.230771,"Woelders et al., 2017",bulk carbonate
,2.73,-0.70,,221.200,66.233857,"Woelders et al., 2017",bulk carbonate
,2.74,-0.69,,221.260,66.236943,"Woelders et al., 2017",bulk carbonate
,2.84,-0.58,,221.290,66.238486,"Woelders et al., 2017",bulk carbonate
,2.90,-0.58,,221.320,66.240029,"Woelders et al., 2017",bulk carbonate
,2.95,-0.54,,221.350,66.241571,"Woelders et al., 2017",bulk carbonate
,2.91,-0.49,,221.410,66.244657,"Woelders et al., 2017",bulk carbonate
,2.82,-0.49,,221.470,66.247743,"Woelders et al., 2017",bulk carbonate
,2.76,-0.45,,221.500,66.249286,"Woelders et al., 2017",bulk carbonate
,2.75,-0.55,,221.530,66.250829,"Woelders et al., 2017",bulk carbonate
,2.74,-0.59,,221.560,66.252371,"Woelders et al., 2017",bulk carbonate
,2.75,-0.58,,221.590,66.253914,"Woelders et al., 2017",bulk carbonate
,2.69,-0.63,,221.620,66.255457,"Woelders et al., 2017",bulk carbonate
,2.88,-0.64,,221.650,66.257,"Woelders et al., 2017",bulk carbonate
,2.85,-0.55,,221.740,66.261629,"Woelders et al., 2017",bulk carbonate
,2.86,-0.63,,221.770,66.263171,"Woelders et al., 2017",bulk carbonate
,2.98,-0.55,,221.800,66.264714,"Woelders et al., 2017",bulk carbonate
,2.93,-0.53,,221.830,66.266257,"Woelders et al., 2017",bulk carbonate
,2.95,-0.42,,221.890,66.269343,"Woelders et al., 2017",bulk carbonate
,2.89,-0.46,,221.920,66.270886,"Woelders et al., 2017",bulk carbonate
,2.83,-0.51,,221.950,66.272429,"Woelders et al., 2017",bulk carbonate
,2.78,-0.48,,221.980,66.273971,"Woelders et al., 2017",bulk carbonate
,2.77,-0.51,,222.010,66.275514,"Woelders et al., 2017",bulk carbonate
,2.80,-0.46,,222.040,66.277057,"Woelders et al., 2017",bulk carbonate
,2.77,-0.49,,222.070,66.2786,"Woelders et al., 2017",bulk carbonate
,2.76,-0.56,,222.100,66.280143,"Woelders et al., 2017",bulk carbonate
,2.75,-0.53,,222.130,66.281686,"Woelders et al., 2017",bulk carbonate
,2.76,-0.54,,222.160,66.283229,"Woelders et al., 2017",bulk carbonate
,2.75,-0.58,,222.190,66.284771,"Woelders et al., 2017",bulk carbonate
,2.85,-0.55,,222.220,66.286314,"Woelders et al., 2017",bulk carbonate
,2.77,-0.55,,222.250,66.287857,"Woelders et al., 2017",bulk carbonate
,2.88,-0.53,,222.280,66.2894,"Woelders et al., 2017",bulk carbonate
,2.96,-0.52,,222.310,66.290943,"Woelders et al., 2017",bulk carbonate
,2.90,-0.45,,222.340,66.292486,"Woelders et al., 2017",bulk carbonate
,3.01,-0.31,,222.370,66.294029,"Woelders et al., 2017",bulk carbonate
,2.83,-0.57,,222.400,66.295571,"Woelders et al., 2017",bulk carbonate
,2.86,-0.48,,222.430,66.297114,"Woelders et al., 2017",bulk carbonate
,2.89,-0.41,,222.460,66.298657,"Woelders et al., 2017",bulk carbonate
,2.82,-0.37,,222.490,66.3002,"Woelders et al., 2017",bulk carbonate
,2.98,-0.33,,222.520,66.301743,"Woelders et al., 2017",bulk carbonate
,3.00,-0.35,,222.550,66.303286,"Woelders et al., 2017",bulk carbonate
,2.78,-0.48,,222.580,66.304829,"Woelders et al., 2017",bulk carbonate
,2.96,-0.39,,222.610,66.306371,"Woelders et al., 2017",bulk carbonate
,2.95,-0.37,,222.640,66.307914,"Woelders et al., 2017",bulk carbonate
,3.00,-0.34,,222.670,66.309457,"Woelders et al., 2017",bulk carbonate
,2.91,-0.30,,222.700,66.311,"Woelders et al., 2017",bulk carbonate
,3.06,-0.36,,222.730,66.312828,"Woelders et al., 2017",bulk carbonate
,2.85,-0.47,,222.760,66.314655,"Woelders et al., 2017",bulk carbonate
,3.17,-0.24,,222.790,66.316483,"Woelders et al., 2017",bulk carbonate
,3.36,-0.11,,222.820,66.31831,"Woelders et al., 2017",bulk carbonate
,3.17,-0.25,,222.850,66.320138,"Woelders et al., 2017",bulk carbonate
,3.30,0.00,,222.880,66.321966,"Woelders et al., 2017",bulk carbonate
,2.87,-0.20,,222.910,66.323793,"Woelders et al., 2017",bulk carbonate
,2.83,-0.33,,222.940,66.325621,"Woelders et al., 2017",bulk carbonate
,2.83,-0.27,,222.970,66.327448,"Woelders et al., 2017",bulk carbonate
,2.82,-0.42,,223.000,66.329276,"Woelders et al., 2017",bulk carbonate
,2.88,-0.25,,223.030,66.331103,"Woelders et al., 2017",bulk carbonate
,2.92,-0.31,,223.060,66.332931,"Woelders et al., 2017",bulk carbonate
,3.08,-0.03,,223.090,66.334759,"Woelders et al., 2017",bulk carbonate
,3.00,-0.11,,223.120,66.336586,"Woelders et al., 2017",bulk carbonate
,2.96,-0.16,,223.150,66.338414,"Woelders et al., 2017",bulk carbonate
,3.01,-0.18,,223.180,66.340241,"Woelders et al., 2017",bulk carbonate
,3.05,-0.12,,223.210,66.342069,"Woelders et al., 2017",bulk carbonate
,2.87,-0.49,,223.540,66.362172,"Woelders et al., 2017",bulk carbonate
,2.96,-0.06,,223.570,66.364,"Woelders et al., 2017",bulk carbonate
,2.96,-0.26,,223.600,66.365828,"Woelders et al., 2017",bulk carbonate
,3.01,-0.06,,223.630,66.367655,"Woelders et al., 2017",bulk carbonate
,3.04,-0.05,,223.660,66.369483,"Woelders et al., 2017",bulk carbonate
,2.93,-0.26,,223.690,66.37131,"Woelders et al., 2017",bulk carbonate
,3.10,-0.04,,223.720,66.373138,"Woelders et al., 2017",bulk carbonate
,3.10,-0.11,,223.750,66.374966,"Woelders et al., 2017",bulk carbonate
,2.99,-0.13,,223.780,66.376793,"Woelders et al., 2017",bulk carbonate
,3.08,-0.19,,223.810,66.378621,"Woelders et al., 2017",bulk carbonate
,2.99,-0.19,,223.840,66.380448,"Woelders et al., 2017",bulk carbonate
,2.97,-0.22,,223.870,66.382276,"Woelders et al., 2017",bulk carbonate
,2.97,-0.34,,223.900,66.384103,"Woelders et al., 2017",bulk carbonate
,2.98,-0.36,,223.930,66.385931,"Woelders et al., 2017",bulk carbonate
,2.92,-0.42,,223.960,66.387759,"Woelders et al., 2017",bulk carbonate
,2.99,-0.38,,223.990,66.389586,"Woelders et al., 2017",bulk carbonate
,2.97,-0.39,,224.020,66.391414,"Woelders et al., 2017",bulk carbonate
,2.97,-0.39,,224.050,66.393241,"Woelders et al., 2017",bulk carbonate
,2.93,-0.28,,224.080,66.395069,"Woelders et al., 2017",bulk carbonate
,3.10,-0.09,,224.110,66.396897,"Woelders et al., 2017",bulk carbonate
,2.78,-0.50,,224.140,66.398724,"Woelders et al., 2017",bulk carbonate
,2.91,-0.17,,224.170,66.400552,"Woelders et al., 2017",bulk carbonate
,2.87,-0.36,,224.200,66.402379,"Woelders et al., 2017",bulk carbonate
,2.86,-0.27,,224.230,66.404207,"Woelders et al., 2017",bulk carbonate
,2.94,-0.25,,224.260,66.406034,"Woelders et al., 2017",bulk carbonate
,2.84,-0.44,,224.290,66.407862,"Woelders et al., 2017",bulk carbonate
,2.91,-0.28,,224.320,66.40969,"Woelders et al., 2017",bulk carbonate
,2.87,-0.28,,224.380,66.413345,"Woelders et al., 2017",bulk carbonate
,3.05,-0.22,,224.410,66.415172,"Woelders et al., 2017",bulk carbonate
,3.02,-0.18,,224.440,66.417,"Woelders et al., 2017",bulk carbonate
,2.91,-0.40,,224.470,66.418622,"Woelders et al., 2017",bulk carbonate
,3.03,-0.28,,224.500,66.420245,"Woelders et al., 2017",bulk carbonate
,2.94,-0.18,,224.530,66.421867,"Woelders et al., 2017",bulk carbonate
,3.02,-0.58,,224.560,66.42349,"Woelders et al., 2017",bulk carbonate
,2.94,-0.05,,224.590,66.425112,"Woelders et al., 2017",bulk carbonate
,2.85,-0.25,,224.620,66.426735,"Woelders et al., 2017",bulk carbonate
,2.95,-0.28,,224.650,66.428357,"Woelders et al., 2017",bulk carbonate
,2.92,-0.28,,224.680,66.42998,"Woelders et al., 2017",bulk carbonate
,2.94,-0.15,,224.710,66.431602,"Woelders et al., 2017",bulk carbonate
,3.07,-0.07,,224.740,66.433224,"Woelders et al., 2017",bulk carbonate
,3.09,-0.22,,224.770,66.434847,"Woelders et al., 2017",bulk carbonate
,3.17,0.13,,224.800,66.436469,"Woelders et al., 2017",bulk carbonate
,3.17,-0.02,,224.830,66.438092,"Woelders et al., 2017",bulk carbonate
,3.13,0.12,,224.860,66.439714,"Woelders et al., 2017",bulk carbonate
,3.22,0.01,,224.890,66.441337,"Woelders et al., 2017",bulk carbonate
,3.17,-0.05,,224.920,66.442959,"Woelders et al., 2017",bulk carbonate
,3.11,0.02,,224.950,66.444582,"Woelders et al., 2017",bulk carbonate
,3.07,-0.11,,224.980,66.446204,"Woelders et al., 2017",bulk carbonate
,3.15,-0.09,,225.010,66.447827,"Woelders et al., 2017",bulk carbonate
,3.07,-0.04,,225.040,66.449449,"Woelders et al., 2017",bulk carbonate
,2.98,-0.28,,225.100,66.452694,"Woelders et al., 2017",bulk carbonate
,3.02,-0.18,,225.130,66.454316,"Woelders et al., 2017",bulk carbonate
,3.15,0.03,,225.160,66.455939,"Woelders et al., 2017",bulk carbonate
,3.28,0.06,,225.190,66.457561,"Woelders et al., 2017",bulk carbonate
,3.08,-0.09,,225.220,66.459184,"Woelders et al., 2017",bulk carbonate
,3.05,-0.17,,225.250,66.460806,"Woelders et al., 2017",bulk carbonate
,3.08,-0.06,,225.280,66.462429,"Woelders et al., 2017",bulk carbonate
,3.16,-0.21,,225.310,66.464051,"Woelders et al., 2017",bulk carbonate
,3.12,-0.03,,225.340,66.465673,"Woelders et al., 2017",bulk carbonate
,3.09,-0.02,,225.370,66.467296,"Woelders et al., 2017",bulk carbonate
,3.09,-0.22,,225.400,66.468918,"Woelders et al., 2017",bulk carbonate
,3.10,-0.08,,225.430,66.470541,"Woelders et al., 2017",bulk carbonate
,3.11,0.08,,225.460,66.472163,"Woelders et al., 2017",bulk carbonate
,3.01,-0.12,,225.490,66.473786,"Woelders et al., 2017",bulk carbonate
,3.07,-0.12,,225.520,66.475408,"Woelders et al., 2017",bulk carbonate
,2.97,-0.17,,225.550,66.477031,"Woelders et al., 2017",bulk carbonate
,3.08,-0.05,,225.580,66.478653,"Woelders et al., 2017",bulk carbonate
,2.96,-0.23,,225.610,66.480276,"Woelders et al., 2017",bulk carbonate
,3.10,-0.01,,225.640,66.481898,"Woelders et al., 2017",bulk carbonate
,2.92,-0.16,,225.670,66.48352,"Woelders et al., 2017",bulk carbonate
,3.08,0.00,,225.690,66.484602,"Woelders et al., 2017",bulk carbonate
,3.11,-0.06,,225.730,66.486765,"Woelders et al., 2017",bulk carbonate
,2.95,-0.07,,225.760,66.488388,"Woelders et al., 2017",bulk carbonate
,2.91,-0.06,,225.790,66.49001,"Woelders et al., 2017",bulk carbonate
,2.82,-0.41,,225.820,66.491633,"Woelders et al., 2017",bulk carbonate
,2.82,-0.10,,225.850,66.493255,"Woelders et al., 2017",bulk carbonate
,2.77,-0.23,,225.880,66.494878,"Woelders et al., 2017",bulk carbonate
,2.87,-0.20,,225.910,66.4965,"Woelders et al., 2017",bulk carbonate
,2.79,-0.08,,225.940,66.498122,"Woelders et al., 2017",bulk carbonate
,2.88,-0.13,,225.970,66.499745,"Woelders et al., 2017",bulk carbonate
,2.88,-0.17,,226.000,66.501367,"Woelders et al., 2017",bulk carbonate
,2.99,-0.08,,226.030,66.50299,"Woelders et al., 2017",bulk carbonate
,3.02,0.00,,226.060,66.504612,"Woelders et al., 2017",bulk carbonate
,2.91,-0.18,,226.090,66.506235,"Woelders et al., 2017",bulk carbonate
,2.89,-0.19,,226.120,66.507857,"Woelders et al., 2017",bulk carbonate
,2.90,-0.12,,226.150,66.50948,"Woelders et al., 2017",bulk carbonate
,2.84,-0.14,,226.180,66.511102,"Woelders et al., 2017",bulk carbonate
,2.87,-0.19,,226.210,66.512724,"Woelders et al., 2017",bulk carbonate
,2.92,-0.11,,226.240,66.514347,"Woelders et al., 2017",bulk carbonate
,2.85,-0.03,,226.270,66.515969,"Woelders et al., 2017",bulk carbonate
,2.73,-0.10,,226.300,66.517592,"Woelders et al., 2017",bulk carbonate
,2.83,-0.05,,226.330,66.519214,"Woelders et al., 2017",bulk carbonate
,2.87,0.00,,226.360,66.520837,"Woelders et al., 2017",bulk carbonate
,2.88,-0.10,,226.390,66.522459,"Woelders et al., 2017",bulk carbonate
,3.06,0.01,,226.420,66.524014,"Woelders et al., 2017",bulk carbonate
,3.06,-0.01,,226.450,66.525536,"Woelders et al., 2017",bulk carbonate
,2.82,-0.11,,226.480,66.527057,"Woelders et al., 2017",bulk carbonate
,3.05,-0.17,,226.540,66.5301,"Woelders et al., 2017",bulk carbonate
,2.99,0.05,,226.570,66.531621,"Woelders et al., 2017",bulk carbonate
,2.91,-0.01,,226.600,66.533142,"Woelders et al., 2017",bulk carbonate
,2.84,-0.16,,226.630,66.534664,"Woelders et al., 2017",bulk carbonate
,2.80,-0.08,,226.660,66.536185,"Woelders et al., 2017",bulk carbonate
,2.72,-0.02,,226.690,66.537706,"Woelders et al., 2017",bulk carbonate
,2.83,0.00,,226.720,66.539227,"Woelders et al., 2017",bulk carbonate
,2.83,-0.01,,226.750,66.540749,"Woelders et al., 2017",bulk carbonate
,2.85,-0.16,,226.780,66.54227,"Woelders et al., 2017",bulk carbonate
,2.96,-0.06,,226.810,66.543791,"Woelders et al., 2017",bulk carbonate
,3.01,-0.09,,226.840,66.545313,"Woelders et al., 2017",bulk carbonate
,3.05,0.01,,226.870,66.546834,"Woelders et al., 2017",bulk carbonate
,3.07,-0.14,,226.900,66.548355,"Woelders et al., 2017",bulk carbonate
,2.97,-0.16,,226.930,66.549877,"Woelders et al., 2017",bulk carbonate
,3.09,-0.13,,226.960,66.551398,"Woelders et al., 2017",bulk carbonate
,2.98,-0.01,,226.990,66.552919,"Woelders et al., 2017",bulk carbonate
,3.00,-0.16,,227.010,66.553934,"Woelders et al., 2017",bulk carbonate
,2.98,-0.05,,227.040,66.555455,"Woelders et al., 2017",bulk carbonate
,2.98,-0.08,,227.070,66.556976,"Woelders et al., 2017",bulk carbonate
,2.96,0.06,,227.100,66.558498,"Woelders et al., 2017",bulk carbonate
,2.91,0.14,,227.130,66.560019,"Woelders et al., 2017",bulk carbonate
,2.85,-0.12,,227.160,66.56154,"Woelders et al., 2017",bulk carbonate
,2.93,0.02,,227.190,66.563062,"Woelders et al., 2017",bulk carbonate
,2.89,-0.01,,227.220,66.564583,"Woelders et al., 2017",bulk carbonate
,2.86,0.11,,227.250,66.566104,"Woelders et al., 2017",bulk carbonate
,2.94,0.09,,227.280,66.567626,"Woelders et al., 2017",bulk carbonate
,2.83,-0.11,,227.310,66.569147,"Woelders et al., 2017",bulk carbonate
,2.91,-0.11,,227.370,66.57219,"Woelders et al., 2017",bulk carbonate
,2.95,-0.02,,227.400,66.573711,"Woelders et al., 2017",bulk carbonate
,2.83,-0.30,,227.430,66.575232,"Woelders et al., 2017",bulk carbonate
,2.92,-0.03,,227.460,66.576754,"Woelders et al., 2017",bulk carbonate
,2.95,0.05,,227.490,66.578275,"Woelders et al., 2017",bulk carbonate
,2.94,0.03,,227.520,66.579796,"Woelders et al., 2017",bulk carbonate
,3.17,-0.28,,227.550,66.581318,"Woelders et al., 2017",bulk carbonate
,3.22,-0.29,,227.580,66.582839,"Woelders et al., 2017",bulk carbonate
,3.19,-0.47,,227.610,66.58436,"Woelders et al., 2017",bulk carbonate
,3.12,-0.40,,227.640,66.585882,"Woelders et al., 2017",bulk carbonate
,3.13,-0.33,,227.670,66.587403,"Woelders et al., 2017",bulk carbonate
,2.97,-0.13,,227.700,66.588924,"Woelders et al., 2017",bulk carbonate
,2.91,-0.31,,227.730,66.590445,"Woelders et al., 2017",bulk carbonate
,2.94,-0.26,,227.760,66.591967,"Woelders et al., 2017",bulk carbonate
,2.92,-0.32,,227.790,66.593488,"Woelders et al., 2017",bulk carbonate
,2.98,-0.27,,227.820,66.595009,"Woelders et al., 2017",bulk carbonate
,3.00,-0.23,,227.850,66.596531,"Woelders et al., 2017",bulk carbonate
,3.03,-0.07,,227.880,66.598052,"Woelders et al., 2017",bulk carbonate
,2.91,-0.26,,227.910,66.599573,"Woelders et al., 2017",bulk carbonate
,2.84,-0.17,,227.940,66.601095,"Woelders et al., 2017",bulk carbonate
,2.94,-0.18,,227.970,66.602616,"Woelders et al., 2017",bulk carbonate
,3.03,-0.19,,228.000,66.604137,"Woelders et al., 2017",bulk carbonate
,3.07,0.08,,228.030,66.605659,"Woelders et al., 2017",bulk carbonate
,3.04,-0.06,,228.060,66.60718,"Woelders et al., 2017",bulk carbonate
,3.02,-0.19,,228.090,66.608701,"Woelders et al., 2017",bulk carbonate
,3.03,-0.14,,228.120,66.610223,"Woelders et al., 2017",bulk carbonate
,3.23,-0.04,,228.150,66.611744,"Woelders et al., 2017",bulk carbonate
,2.93,-0.17,,228.190,66.613773,"Woelders et al., 2017",bulk carbonate
,2.94,-0.09,,228.220,66.615294,"Woelders et al., 2017",bulk carbonate
,2.84,-0.17,,228.250,66.616815,"Woelders et al., 2017",bulk carbonate
,2.91,0.01,,228.280,66.618336,"Woelders et al., 2017",bulk carbonate
,2.79,-0.03,,228.310,66.619858,"Woelders et al., 2017",bulk carbonate
,2.68,-0.10,,228.340,66.621379,"Woelders et al., 2017",bulk carbonate
,2.85,-0.25,,228.370,66.6229,"Woelders et al., 2017",bulk carbonate
,2.77,-0.12,,228.400,66.624422,"Woelders et al., 2017",bulk carbonate
,2.85,-0.05,,228.430,66.625943,"Woelders et al., 2017",bulk carbonate
,2.91,-0.20,,228.460,66.627464,"Woelders et al., 2017",bulk carbonate
,3.11,0.00,,228.490,66.628986,"Woelders et al., 2017",bulk carbonate
,3.16,0.01,,228.520,66.630533,"Woelders et al., 2017",bulk carbonate
,2.96,-0.09,,228.550,66.632132,"Woelders et al., 2017",bulk carbonate
,2.93,-0.32,,228.580,66.633731,"Woelders et al., 2017",bulk carbonate
,2.92,-0.25,,228.610,66.63533,"Woelders et al., 2017",bulk carbonate
,2.75,-0.55,,228.640,66.636929,"Woelders et al., 2017",bulk carbonate
,2.84,-0.23,,228.670,66.638528,"Woelders et al., 2017",bulk carbonate
,2.85,-0.03,,228.700,66.640127,"Woelders et al., 2017",bulk carbonate
,3.00,0.07,,228.730,66.641726,"Woelders et al., 2017",bulk carbonate
,2.86,-0.22,,228.760,66.643325,"Woelders et al., 2017",bulk carbonate
,2.87,-0.35,,228.790,66.644924,"Woelders et al., 2017",bulk carbonate
,2.96,-0.09,,228.820,66.646523,"Woelders et al., 2017",bulk carbonate
,3.12,0.00,,228.850,66.648122,"Woelders et al., 2017",bulk carbonate
,2.96,-0.16,,228.880,66.649721,"Woelders et al., 2017",bulk carbonate
,3.05,-0.22,,228.910,66.65132,"Woelders et al., 2017",bulk carbonate
,3.01,0.09,,228.940,66.652919,"Woelders et al., 2017",bulk carbonate
,3.09,0.16,,228.960,66.653985,"Woelders et al., 2017",bulk carbonate
,3.08,0.13,,228.990,66.655584,"Woelders et al., 2017",bulk carbonate
,2.92,0.01,,229.010,66.65665,"Woelders et al., 2017",bulk carbonate
,2.84,-0.04,,229.040,66.658249,"Woelders et al., 2017",bulk carbonate
,2.73,-0.16,,229.070,66.659848,"Woelders et al., 2017",bulk carbonate
,2.88,0.10,,229.100,66.661447,"Woelders et al., 2017",bulk carbonate
,2.82,-0.05,,229.130,66.663046,"Woelders et al., 2017",bulk carbonate
,2.89,-0.18,,229.160,66.664645,"Woelders et al., 2017",bulk carbonate
,2.95,-0.12,,229.190,66.666244,"Woelders et al., 2017",bulk carbonate
,3.05,0.05,,229.220,66.667843,"Woelders et al., 2017",bulk carbonate
,3.00,-0.04,,229.250,66.669442,"Woelders et al., 2017",bulk carbonate
,3.02,0.07,,229.280,66.671041,"Woelders et al., 2017",bulk carbonate
,2.96,-0.06,,229.310,66.67264,"Woelders et al., 2017",bulk carbonate
,3.10,0.01,,229.340,66.674239,"Woelders et al., 2017",bulk carbonate
,2.98,-0.18,,229.370,66.675838,"Woelders et al., 2017",bulk carbonate
,2.90,-0.08,,229.400,66.677437,"Woelders et al., 2017",bulk carbonate
,2.88,-0.16,,229.440,66.679569,"Woelders et al., 2017",bulk carbonate
,2.94,0.09,,229.470,66.681168,"Woelders et al., 2017",bulk carbonate
,2.92,0.13,,229.500,66.682766,"Woelders et al., 2017",bulk carbonate
,2.95,-0.06,,229.530,66.684365,"Woelders et al., 2017",bulk carbonate
,2.94,-0.02,,229.560,66.685964,"Woelders et al., 2017",bulk carbonate
,2.98,0.02,,229.590,66.687563,"Woelders et al., 2017",bulk carbonate
,2.88,0.02,,229.620,66.689162,"Woelders et al., 2017",bulk carbonate
,3.04,0.06,,229.650,66.690761,"Woelders et al., 2017",bulk carbonate
,2.96,-0.03,,229.680,66.69236,"Woelders et al., 2017",bulk carbonate
,2.97,0.10,,229.710,66.693959,"Woelders et al., 2017",bulk carbonate
,3.02,0.06,,229.740,66.695558,"Woelders et al., 2017",bulk carbonate
,3.04,0.10,,229.770,66.697157,"Woelders et al., 2017",bulk carbonate
,2.97,0.15,,229.800,66.698756,"Woelders et al., 2017",bulk carbonate
,2.90,0.08,,229.830,66.700355,"Woelders et al., 2017",bulk carbonate
,2.98,0.03,,229.860,66.701954,"Woelders et al., 2017",bulk carbonate
,2.96,0.13,,229.890,66.703553,"Woelders et al., 2017",bulk carbonate
,3.00,0.07,,229.920,66.705152,"Woelders et al., 2017",bulk carbonate
,2.89,0.11,,229.950,66.706751,"Woelders et al., 2017",bulk carbonate
,2.92,0.10,,229.980,66.70835,"Woelders et al., 2017",bulk carbonate
,2.96,0.11,,230.010,66.709949,"Woelders et al., 2017",bulk carbonate
,2.91,0.07,,230.040,66.711548,"Woelders et al., 2017",bulk carbonate
,2.89,0.11,,230.100,66.714746,"Woelders et al., 2017",bulk carbonate
,2.90,0.11,,230.130,66.716345,"Woelders et al., 2017",bulk carbonate
,2.85,0.07,,230.160,66.717944,"Woelders et al., 2017",bulk carbonate
,2.94,0.11,,230.190,66.719543,"Woelders et al., 2017",bulk carbonate
,2.88,0.02,,230.220,66.721142,"Woelders et al., 2017",bulk carbonate
,2.92,0.12,,230.250,66.722741,"Woelders et al., 2017",bulk carbonate
,3.05,0.19,,230.280,66.72434,"Woelders et al., 2017",bulk carbonate
,2.84,0.03,,230.310,66.725939,"Woelders et al., 2017",bulk carbonate
,2.81,0.01,,230.340,66.727538,"Woelders et al., 2017",bulk carbonate
,2.87,0.02,,230.370,66.729137,"Woelders et al., 2017",bulk carbonate
,2.78,-0.01,,230.400,66.730736,"Woelders et al., 2017",bulk carbonate
,2.81,0.10,,230.430,66.732335,"Woelders et al., 2017",bulk carbonate
,2.88,0.11,,230.460,66.733934,"Woelders et al., 2017",bulk carbonate
,2.78,0.12,,230.490,66.735494,"Woelders et al., 2017",bulk carbonate
,2.82,-0.02,,230.520,66.736975,"Woelders et al., 2017",bulk carbonate
,2.85,0.08,,230.550,66.738456,"Woelders et al., 2017",bulk carbonate
,3.01,0.13,,230.580,66.739937,"Woelders et al., 2017",bulk carbonate
,2.92,0.08,,230.610,66.741419,"Woelders et al., 2017",bulk carbonate
,2.93,0.09,,230.640,66.7429,"Woelders et al., 2017",bulk carbonate
,2.91,0.03,,230.670,66.744381,"Woelders et al., 2017",bulk carbonate
,3.01,0.18,,230.700,66.745862,"Woelders et al., 2017",bulk carbonate
,2.95,-0.01,,230.730,66.747344,"Woelders et al., 2017",bulk carbonate
,2.97,0.07,,230.760,66.748825,"Woelders et al., 2017",bulk carbonate
,2.89,0.18,,230.790,66.750306,"Woelders et al., 2017",bulk carbonate
,2.83,0.08,,230.820,66.751787,"Woelders et al., 2017",bulk carbonate
,2.84,-0.02,,230.850,66.753269,"Woelders et al., 2017",bulk carbonate
,2.79,-0.27,,230.880,66.75475,"Woelders et al., 2017",bulk carbonate
,2.87,-0.13,,230.910,66.756231,"Woelders et al., 2017",bulk carbonate
,2.85,-0.16,,230.940,66.757712,"Woelders et al., 2017",bulk carbonate
,2.91,-0.24,,230.970,66.759194,"Woelders et al., 2017",bulk carbonate
,2.86,-0.07,,231.000,66.760675,"Woelders et al., 2017",bulk carbonate
,2.90,-0.02,,231.030,66.762156,"Woelders et al., 2017",bulk carbonate
,2.80,-0.07,,231.060,66.763637,"Woelders et al., 2017",bulk carbonate
,2.82,-0.06,,231.090,66.765119,"Woelders et al., 2017",bulk carbonate
,2.81,-0.17,,231.120,66.7666,"Woelders et al., 2017",bulk carbonate
,2.90,-0.11,,231.150,66.768081,"Woelders et al., 2017",bulk carbonate
,2.90,-0.07,,231.180,66.769562,"Woelders et al., 2017",bulk carbonate
,2.98,-0.14,,231.210,66.771044,"Woelders et al., 2017",bulk carbonate
,2.96,-0.01,,231.240,66.772525,"Woelders et al., 2017",bulk carbonate
,2.95,-0.01,,231.270,66.774006,"Woelders et al., 2017",bulk carbonate
,2.93,0.04,,231.300,66.775487,"Woelders et al., 2017",bulk carbonate
,2.95,-0.21,,231.330,66.776969,"Woelders et al., 2017",bulk carbonate
,2.92,-0.06,,231.360,66.77845,"Woelders et al., 2017",bulk carbonate
,2.91,0.03,,231.390,66.779931,"Woelders et al., 2017",bulk carbonate
,2.92,0.13,,231.450,66.782894,"Woelders et al., 2017",bulk carbonate
,2.92,0.14,,231.480,66.784375,"Woelders et al., 2017",bulk carbonate
,2.97,0.04,,231.510,66.785856,"Woelders et al., 2017",bulk carbonate
,2.77,0.11,,231.540,66.787337,"Woelders et al., 2017",bulk carbonate
,2.94,0.04,,231.570,66.788819,"Woelders et al., 2017",bulk carbonate
,2.93,0.06,,231.600,66.7903,"Woelders et al., 2017",bulk carbonate
,2.96,0.08,,231.630,66.791781,"Woelders et al., 2017",bulk carbonate
,3.12,0.25,,231.690,66.794744,"Woelders et al., 2017",bulk carbonate
,3.05,0.04,,231.720,66.796225,"Woelders et al., 2017",bulk carbonate
,3.02,0.21,,231.750,66.797706,"Woelders et al., 2017",bulk carbonate
,3.14,0.10,,231.780,66.799188,"Woelders et al., 2017",bulk carbonate
,3.13,0.29,,231.810,66.800669,"Woelders et al., 2017",bulk carbonate
,3.05,-0.03,,231.840,66.80215,"Woelders et al., 2017",bulk carbonate
,3.12,0.00,,231.870,66.803631,"Woelders et al., 2017",bulk carbonate
,3.06,0.00,,231.900,66.805112,"Woelders et al., 2017",bulk carbonate
,3.06,0.07,,231.930,66.806594,"Woelders et al., 2017",bulk carbonate
,3.07,-0.04,,231.960,66.808075,"Woelders et al., 2017",bulk carbonate
,3.03,0.05,,231.990,66.809556,"Woelders et al., 2017",bulk carbonate
,3.01,-0.02,,232.020,66.811037,"Woelders et al., 2017",bulk carbonate
,2.99,0.11,,232.050,66.812519,"Woelders et al., 2017",bulk carbonate
,3.00,0.21,,232.080,66.814,"Woelders et al., 2017",bulk carbonate
,3.05,-0.10,,232.110,66.815973,"Woelders et al., 2017",bulk carbonate
,3.17,0.02,,232.140,66.817945,"Woelders et al., 2017",bulk carbonate
,3.16,-0.02,,232.170,66.819918,"Woelders et al., 2017",bulk carbonate
,3.23,-0.04,,232.200,66.82189,"Woelders et al., 2017",bulk carbonate
,3.15,-0.02,,232.230,66.823863,"Woelders et al., 2017",bulk carbonate
,3.14,-0.09,,232.260,66.825836,"Woelders et al., 2017",bulk carbonate
,3.11,0.01,,232.290,66.827808,"Woelders et al., 2017",bulk carbonate
,3.22,0.13,,232.320,66.829781,"Woelders et al., 2017",bulk carbonate
,3.14,0.10,,232.350,66.831753,"Woelders et al., 2017",bulk carbonate
,3.10,0.09,,232.380,66.833726,"Woelders et al., 2017",bulk carbonate
,3.18,0.11,,232.410,66.835699,"Woelders et al., 2017",bulk carbonate
,3.18,0.05,,232.440,66.837671,"Woelders et al., 2017",bulk carbonate
,3.12,0.02,,232.470,66.839644,"Woelders et al., 2017",bulk carbonate
,3.18,-0.05,,232.500,66.841616,"Woelders et al., 2017",bulk carbonate
,3.23,-0.01,,232.530,66.843589,"Woelders et al., 2017",bulk carbonate
,3.23,0.00,,232.560,66.845562,"Woelders et al., 2017",bulk carbonate
,3.18,0.10,,232.590,66.847534,"Woelders et al., 2017",bulk carbonate
,3.26,-0.01,,232.620,66.849507,"Woelders et al., 2017",bulk carbonate
,3.09,0.02,,232.650,66.851479,"Woelders et al., 2017",bulk carbonate
,3.12,0.03,,232.680,66.853452,"Woelders et al., 2017",bulk carbonate
,3.25,0.13,,232.710,66.855425,"Woelders et al., 2017",bulk carbonate
,3.24,-0.04,,232.740,66.857397,"Woelders et al., 2017",bulk carbonate
,3.15,-0.04,,232.770,66.85937,"Woelders et al., 2017",bulk carbonate
,3.21,-0.03,,232.800,66.861342,"Woelders et al., 2017",bulk carbonate
,3.16,-0.05,,232.830,66.863315,"Woelders et al., 2017",bulk carbonate
,3.18,0.03,,232.860,66.865288,"Woelders et al., 2017",bulk carbonate
,3.20,-0.16,,232.890,66.86726,"Woelders et al., 2017",bulk carbonate
,3.17,-0.03,,232.920,66.869233,"Woelders et al., 2017",bulk carbonate
,3.10,-0.01,,232.950,66.871205,"Woelders et al., 2017",bulk carbonate
,3.10,0.12,,232.980,66.873178,"Woelders et al., 2017",bulk carbonate
,3.15,-0.06,,233.010,66.875151,"Woelders et al., 2017",bulk carbonate
,3.14,-0.05,,233.040,66.877123,"Woelders et al., 2017",bulk carbonate
,3.28,0.07,,233.100,66.881068,"Woelders et al., 2017",bulk carbonate
,3.13,0.10,,233.130,66.883041,"Woelders et al., 2017",bulk carbonate
,3.24,0.16,,233.160,66.885014,"Woelders et al., 2017",bulk carbonate
,3.10,0.06,,233.280,66.892904,"Woelders et al., 2017",bulk carbonate
,3.03,-0.03,,233.310,66.894877,"Woelders et al., 2017",bulk carbonate
,2.97,0.01,,233.340,66.896849,"Woelders et al., 2017",bulk carbonate
,3.09,0.01,,233.370,66.898822,"Woelders et al., 2017",bulk carbonate
,3.13,0.03,,233.400,66.900795,"Woelders et al., 2017",bulk carbonate
,3.03,0.08,,233.430,66.902767,"Woelders et al., 2017",bulk carbonate
,3.03,0.00,,233.460,66.90474,"Woelders et al., 2017",bulk carbonate
,3.11,-0.15,,233.520,66.908685,"Woelders et al., 2017",bulk carbonate
,3.04,0.00,,233.550,66.910627,"Woelders et al., 2017",bulk carbonate
,3.03,0.39,,233.580,66.912506,"Woelders et al., 2017",bulk carbonate
,3.11,-0.06,,233.610,66.914386,"Woelders et al., 2017",bulk carbonate
,3.02,0.02,,233.640,66.916265,"Woelders et al., 2017",bulk carbonate
,2.95,0.06,,233.670,66.918145,"Woelders et al., 2017",bulk carbonate
,2.92,-0.08,,233.700,66.920024,"Woelders et al., 2017",bulk carbonate
,2.95,-0.05,,233.730,66.921904,"Woelders et al., 2017",bulk carbonate
,3.04,0.00,,233.760,66.923783,"Woelders et al., 2017",bulk carbonate
,3.05,0.04,,233.790,66.925663,"Woelders et al., 2017",bulk carbonate
,3.06,0.07,,233.820,66.927542,"Woelders et al., 2017",bulk carbonate
,2.95,-0.13,,233.850,66.929422,"Woelders et al., 2017",bulk carbonate
,2.99,-0.19,,233.880,66.931301,"Woelders et al., 2017",bulk carbonate
,2.96,-0.09,,233.910,66.933181,"Woelders et al., 2017",bulk carbonate
,3.05,-0.03,,233.940,66.93506,"Woelders et al., 2017",bulk carbonate
,3.08,0.13,,234.000,66.938819,"Woelders et al., 2017",bulk carbonate
,3.09,-0.09,,234.030,66.940699,"Woelders et al., 2017",bulk carbonate
,2.97,-0.11,,234.060,66.942578,"Woelders et al., 2017",bulk carbonate
,3.03,-0.06,,234.090,66.944458,"Woelders et al., 2017",bulk carbonate
,3.05,-0.05,,234.150,66.948217,"Woelders et al., 2017",bulk carbonate
,3.09,-0.01,,234.180,66.950096,"Woelders et al., 2017",bulk carbonate
,3.07,-0.01,,234.210,66.951976,"Woelders et al., 2017",bulk carbonate
,3.10,-0.12,,234.240,66.953855,"Woelders et al., 2017",bulk carbonate
,2.85,-0.25,,234.270,66.955735,"Woelders et al., 2017",bulk carbonate
,2.99,-0.18,,234.300,66.957614,"Woelders et al., 2017",bulk carbonate
,3.12,-0.06,,234.330,66.959494,"Woelders et al., 2017",bulk carbonate
,3.06,-0.08,,234.360,66.961373,"Woelders et al., 2017",bulk carbonate
,2.92,-0.08,,234.390,66.963253,"Woelders et al., 2017",bulk carbonate
,2.93,-0.03,,234.420,66.965133,"Woelders et al., 2017",bulk carbonate
,2.88,-0.06,,234.450,66.967012,"Woelders et al., 2017",bulk carbonate
,2.96,-0.05,,234.480,66.968892,"Woelders et al., 2017",bulk carbonate
,2.94,0.07,,234.540,66.972651,"Woelders et al., 2017",bulk carbonate
,3.12,0.11,,234.570,66.97453,"Woelders et al., 2017",bulk carbonate
,3.00,0.04,,234.600,66.97641,"Woelders et al., 2017",bulk carbonate
,2.97,-0.05,,234.630,66.978289,"Woelders et al., 2017",bulk carbonate
,2.93,0.05,,234.660,66.980169,"Woelders et al., 2017",bulk carbonate
,3.05,-0.07,,234.690,66.982048,"Woelders et al., 2017",bulk carbonate
,2.96,-0.02,,234.720,66.983928,"Woelders et al., 2017",bulk carbonate
,2.84,-0.06,,234.750,66.985807,"Woelders et al., 2017",bulk carbonate
,2.79,-0.02,,234.780,66.987687,"Woelders et al., 2017",bulk carbonate
,2.88,0.19,,234.810,66.989566,"Woelders et al., 2017",bulk carbonate
,2.70,-0.17,,234.840,66.991446,"Woelders et al., 2017",bulk carbonate
,2.80,0.01,,234.870,66.993325,"Woelders et al., 2017",bulk carbonate
,2.75,-0.09,,234.900,66.995205,"Woelders et al., 2017",bulk carbonate
,2.95,-0.05,,234.930,66.997084,"Woelders et al., 2017",bulk carbonate
,2.94,-0.03,,234.960,66.998964,"Woelders et al., 2017",bulk carbonate
,2.95,-0.04,,234.990,67.000843,"Woelders et al., 2017",bulk carbonate
,2.91,-0.13,,235.020,67.002723,"Woelders et al., 2017",bulk carbonate
,2.92,-0.22,,235.050,67.004602,"Woelders et al., 2017",bulk carbonate
,2.91,-0.12,,235.080,67.006482,"Woelders et al., 2017",bulk carbonate
,2.98,0.05,,235.110,67.008361,"Woelders et al., 2017",bulk carbonate
,2.95,0.04,,235.140,67.010241,"Woelders et al., 2017",bulk carbonate
,3.12,0.12,,235.170,67.01212,"Woelders et al., 2017",bulk carbonate
,3.22,0.18,,235.200,67.014,"Woelders et al., 2017",bulk carbonate
,3.03,0.06,,235.230,67.01588,"Woelders et al., 2017",bulk carbonate
,3.21,0.18,,235.260,67.017759,"Woelders et al., 2017",bulk carbonate
,3.14,0.08,,235.320,67.021518,"Woelders et al., 2017",bulk carbonate
,3.15,0.11,,235.350,67.023398,"Woelders et al., 2017",bulk carbonate
,3.28,0.19,,235.380,67.025277,"Woelders et al., 2017",bulk carbonate
,3.16,0.04,,235.410,67.027157,"Woelders et al., 2017",bulk carbonate
,3.20,0.04,,235.440,67.029036,"Woelders et al., 2017",bulk carbonate
,3.03,-0.03,,235.470,67.030916,"Woelders et al., 2017",bulk carbonate
,3.40,0.19,,235.500,67.032795,"Woelders et al., 2017",bulk carbonate
,3.30,0.30,,235.530,67.034675,"Woelders et al., 2017",bulk carbonate
,3.25,0.12,,235.560,67.036554,"Woelders et al., 2017",bulk carbonate
,3.12,0.12,,235.590,67.038434,"Woelders et al., 2017",bulk carbonate
,3.13,0.07,,235.620,67.040313,"Woelders et al., 2017",bulk carbonate
,3.22,0.09,,235.650,67.042193,"Woelders et al., 2017",bulk carbonate
,3.25,0.20,,235.680,67.044072,"Woelders et al., 2017",bulk carbonate
,2.95,-0.02,,235.710,67.045952,"Woelders et al., 2017",bulk carbonate
,3.10,0.08,,235.740,67.047831,"Woelders et al., 2017",bulk carbonate
,3.12,0.07,,235.770,67.049711,"Woelders et al., 2017",bulk carbonate
,3.18,,,235.800,67.05159,"Woelders et al., 2017",bulk carbonate
,3.01,0.09,,235.830,67.05347,"Woelders et al., 2017",bulk carbonate
,3.09,0.09,,235.860,67.055349,"Woelders et al., 2017",bulk carbonate
,3.01,0.13,,235.890,67.057229,"Woelders et al., 2017",bulk carbonate
,3.00,0.11,,235.920,67.059108,"Woelders et al., 2017",bulk carbonate
,2.97,0.07,,235.950,67.060988,"Woelders et al., 2017",bulk carbonate
,2.92,0.07,,235.980,67.062867,"Woelders et al., 2017",bulk carbonate
,3.34,0.14,,236.010,67.064747,"Woelders et al., 2017",bulk carbonate
,3.24,-0.02,,236.040,67.066627,"Woelders et al., 2017",bulk carbonate
,3.42,0.13,,236.070,67.068506,"Woelders et al., 2017",bulk carbonate
